Item,Open Price,Close Price,High Price,Low Price,Volume
0,0.2586497890295359,0.2864209745238684,0.25883620689655173,0.336283185840708,0.010418974588141634
1,0.270042194092827,0.292604501607717,0.26724137931034486,0.3220255653883973,0.04124028795349483
2,0.27426160337552735,0.2997773930249815,0.27155172413793105,0.34119960668633237,0.01172392815432625
3,0.2869198312236287,0.29062577294088554,0.27241379310344827,0.32669616519174044,0.014375143169366073
4,0.30843881856540073,0.31412317585951033,0.31659482758620683,0.3588987217305801,0.007007319005756817
5,0.34177215189873417,0.33588919119465743,0.3275862068965517,0.38643067846607665,0.023430957629378166
6,0.38481012658227837,0.35023497402918624,0.3715517241379309,0.3876597836774827,0.03476246089833379
7,0.3544303797468354,0.40267128370022265,0.3939655172413793,0.4328908554572272,0.04901743568174905
8,0.3,0.4001978728666832,0.42155172413793107,0.3588987217305801,0.26736902584746874
9,0.2658227848101265,0.33292109819441007,0.35344827586206895,0.33382497541789574,0.2107978805300928
10,0.2320675105485232,0.2574820677714569,0.2670258620689655,0.2912979351032448,0.030211083280446725
11,0.2320675105485232,0.2866683156072224,0.2627155172413792,0.30924287118977384,0.027156177593853387
12,0.2525316455696202,0.2483304476873609,0.26487068965517235,0.294739429695182,0.027452843296669457
13,0.2995780590717299,0.2772693544397724,0.2844827586206896,0.29695181907571294,0.016265917617060907
14,0.2976793248945148,0.30571357902547613,0.3017241379310345,0.3490658800393313,0.022253682973266287
15,0.3375527426160337,0.33489982686124165,0.3232758620689655,0.38274336283185834,0.023169966916141243
16,0.3413502109704641,0.35716052436309675,0.3271551724137931,0.4026548672566372,0.028414190384275968
17,0.40084388185654,0.38139995053178344,0.4094827586206896,0.33431661750245817,0.05429733413946292
18,0.4219409282700421,0.4513974771209499,0.4094827586206896,0.49606686332350053,0.046210377291179265
19,0.4050632911392405,0.45411822903784316,0.4346982758620689,0.5051622418879056,0.03202863011795278
20,0.3765822784810126,0.44645065545387097,0.397198275862069,0.4776302851524091,0.018438336719327958
21,0.40928270042194087,0.44125649270343814,0.39655172413793105,0.46976401179941,0.021005058337996117
22,0.4443037974683544,0.4605490972050459,0.47413793103448276,0.4886922320550639,0.08459291081628131
23,0.5021097046413501,0.5251051199604254,0.5129310344827586,0.44198623402163223,0.03620072626768259
24,0.5027426160337551,0.567895127380658,0.5226293103448275,0.6093903638151428,0.021827460729346996
25,0.510548523206751,0.5686371506307198,0.5168103448275863,0.6189773844641102,0.0181097512889937
26,0.5232067510548524,0.5923818946326985,0.5364224137931034,0.6238938053097345,0.03146721843983882
27,0.5147679324894514,0.5701211971308436,0.5077586206896552,0.6091445427728615,0.03636783542939544
28,0.5485232067510548,0.5619589413801634,0.5560344827586207,0.5943952802359882,0.057921162028292145
29,0.6018987341772153,0.5955973287162998,0.5935344827586205,0.643559488692232,0.025072007150018963
30,0.5991561181434599,0.6683156072223598,0.5974137931034483,0.7079646017699115,0.029259124347992625
31,0.5706751054852321,0.6722730645560228,0.5894396551724138,0.6944444444444444,0.022646107858636914
32,0.569831223628692,0.6482809794706902,0.5905172413793104,0.688298918387414,0.015881003255812206
33,0.6487341772151898,0.6460549097205047,0.6411637931034483,0.6828908554572273,0.05532064305107532
34,0.6540084388185654,0.7012119713084345,0.6465517241379309,0.7448377581120944,0.00818083839980773
35,0.6276371308016877,0.7326242888943854,0.6465517241379309,0.77015732546706,0.006609261227294747
36,0.6584388185654009,0.7170418006430869,0.6575431034482758,0.7593411996066863,0.018676795860199102
37,0.6962025316455696,0.7571110561464262,0.689655172413793,0.7318092428711898,0.012747237065938645
38,0.6962025316455696,0.7729408854810785,0.6978448275862067,0.8158800393313668,0.006049727180211271
39,0.6993670886075949,0.7974276527331191,0.7049568965517242,0.8500491642084562,0.007484237287499108
40,0.7154008438818567,0.797674993816473,0.7092672413793103,0.8448869223205506,0.021181555654861375
41,0.6966244725738397,0.7974276527331191,0.7114224137931034,0.8404621435594888,0.01697753977761338
42,0.6869198312236287,0.80187979223349,0.6982758620689654,0.8021140609636186,0.021335521399360853
43,0.6913502109704641,0.7682414048973537,0.6849137931034482,0.8008849557522124,0.006438396803520934
44,0.6850210970464137,0.7744249319812023,0.7140086206896551,0.8055555555555556,0.01340628555763764
45,0.6759493670886076,0.783329210981944,0.6810344827586207,0.8173549655850543,0.009359990686950087
46,0.7320675105485233,0.775166955231264,0.7314655172413792,0.8254670599803344,0.029542646633595324
47,0.7219409282700422,0.8273559238189464,0.7310344827586207,0.8741396263520156,0.03980390021517652
48,0.7573839662447257,0.8221617610685136,0.752155172413793,0.8500491642084562,0.06002035352037042
49,0.7234177215189872,0.8226564432352216,0.7193965517241377,0.8746312684365782,0.011376566413687178
50,0.7128691983122362,0.8226564432352216,0.7174568965517242,0.8694690265486726,0.017473234369660487
51,0.7183544303797469,0.8233984664852833,0.7189655172413792,0.8746312684365782,0.009816255027357083
52,0.7848101265822784,0.8224091021518675,0.7801724137931035,0.8746312684365782,0.023727623332194237
53,0.6877637130801688,0.8802869156566907,0.7752155172413794,0.8402163225172075,0.0321788406003913
54,0.6993670886075949,0.7867919861488996,0.7112068965517241,0.8352999016715832,0.007919847686570806
55,0.7358649789029534,0.7974276527331191,0.7301724137931033,0.8402163225172075,0.02058634661819875
56,0.7383966244725739,0.8008904279000743,0.7474137931034482,0.8500491642084562,0.015193790298655991
57,0.7761603375527426,0.8399703190699978,0.7713362068965516,0.8756145526057031,0.029662815019546138
58,0.7974683544303798,0.8701459312391789,0.793103448275862,0.9139626352015733,0.041099465626208725
59,0.6964135021097047,0.8711352955725945,0.7672413793103449,0.8500491642084562,0.14056696946596417
60,0.7175105485232067,0.8003957457333665,0.7327586206896551,0.8500491642084562,0.03560551723101996
61,0.6544303797468356,0.8224091021518675,0.7155172413793104,0.7718780727630286,0.06466936795184253
62,0.6476793248945147,0.748454118229038,0.684051724137931,0.7330383480825959,0.05676454131351556
63,0.5784810126582278,0.7529062577294089,0.706896551724138,0.712881022615536,0.12747237065938646
64,0.5443037974683544,0.6250309176354193,0.5650862068965518,0.6730580137659785,0.013374365830119455
65,0.6075949367088607,0.6255255998021273,0.5991379310344828,0.6730580137659785,0.037141419413953804
66,0.5780590717299579,0.6260202819688351,0.5911637931034482,0.6460176991150444,0.1694712215491958
67,0.5065400843881855,0.6344298788028694,0.5560344827586207,0.628810226155359,0.014290649772994407
68,0.5063291139240507,0.5772940885481078,0.5387931034482759,0.604228121927237,0.053803517178446295
69,0.50042194092827,0.5708632203809053,0.5019396551724137,0.6189773844641102,0.010097899681929303
70,0.5265822784810126,0.572594607964383,0.5163793103448276,0.6189773844641102,0.010946588907706924
71,0.5040084388185653,0.5805095226317093,0.5114224137931035,0.6251229105211407,0.006474071793100082
72,0.512025316455696,0.5839722977986644,0.5284482758620689,0.6189773844641102,0.018992237873319988
73,0.5483122362869197,0.5814988869651249,0.5387931034482759,0.6238938053097345,0.011393465092961512
74,0.5164556962025315,0.5958446697996539,0.5213362068965517,0.6354473942969519,0.006466561268978156
75,0.5270042194092828,0.5980707395498391,0.536206896551724,0.6317600786627335,0.008543221188690652
76,0.5149789029535865,0.5750680187979224,0.5148706896551724,0.612094395280236,0.00779404640752855
77,0.5082278481012656,0.585951026465496,0.5174568965517242,0.628810226155359,0.006126710052461011
78,0.541983122362869,0.5936186000494684,0.5342672413793103,0.6391347099311702,0.01162253607868025
79,0.5584388185654008,0.6002968093000248,0.5491379310344827,0.6189773844641102,0.013068311972150975
80,0.4854430379746835,0.5970813752164236,0.529094827586207,0.604228121927237,0.012886181762194275
81,0.5877637130801687,0.5656690576304725,0.5788793103448276,0.6093903638151428,0.014887736440687513
82,0.560970464135021,0.6228048478852338,0.5575431034482757,0.6718289085545723,0.011746459726692027
83,0.568776371308017,0.6225575068018799,0.5635775862068965,0.6688790560471978,0.024484308637478264
84,0.6078059071729958,0.6373979718031165,0.5993534482758621,0.6784660766961652,0.06533217170560249
85,0.6120253164556961,0.6999752658916648,0.6193965517241379,0.7468043264503441,0.015139338998772029
86,0.6033755274261603,0.7014593123917884,0.6273706896551724,0.7418879056047198,0.013834385432587413
87,0.6316455696202532,0.6918130101409846,0.6801724137931034,0.7310717797443462,0.043112286090884855
88,0.6246835443037975,0.7219886223101658,0.6372844827586207,0.7566371681415929,0.031666247329069856
89,0.6751054852320675,0.7190205293099184,0.668103448275862,0.7664700098328416,0.021489487143860335
90,0.6381856540084387,0.7370764283947565,0.6631465517241381,0.7822025565388397,0.02052438479419286
91,0.6770042194092827,0.7444966608953748,0.6700431034482758,0.787856440511308,0.007660734604364366
92,0.6514767932489451,0.7630472421469207,0.6637931034482759,0.791297935103245,0.007542443849444034
93,0.6544303797468356,0.7449913430620826,0.6719827586206896,0.778023598820059,0.01721975418054549
94,0.6898734177215189,0.7571110561464262,0.6831896551724138,0.7839233038348083,0.01221211222225143
95,0.7080168776371307,0.7731882265644326,0.7103448275862069,0.8085054080629304,0.01613072818286624
96,0.590717299578059,0.7581004204798419,0.668103448275862,0.7271386430678466,0.027805837930399972
97,0.5736286919831224,0.6769725451397478,0.6118534482758621,0.6878072763028515,0.05446256567014529
98,0.6540084388185654,0.6470442740539203,0.6547413793103448,0.6809242871189773,0.04175475885584676
99,0.6774261603375529,0.7457333663121445,0.689655172413793,0.7910521140609637,0.031196839571449492
100,0.7426160337552743,0.7949542418995795,0.7758620689655172,0.8360373647984267,0.04195191011404731
101,0.7468354430379747,0.8434330942369529,0.7754310344827585,0.8647984267453295,0.03759956138539128
102,0.80126582278481,0.8837496908236459,0.8049568965517241,0.8893805309734513,0.035440285700337595
103,0.7339662447257382,0.8827603264902301,0.7844827586206896,0.8500491642084562,0.0514433349731311
104,0.70210970464135,0.7942122186495179,0.7155172413793104,0.8360373647984267,0.015148727153924436
105,0.7170886075949368,0.8046005441503835,0.7112068965517241,0.8303834808259587,0.0172084883943626
106,0.679746835443038,0.7862973039821916,0.7047413793103449,0.8308751229105213,0.013503922371222676
107,0.698523206751055,0.8075686371506309,0.7133620689655172,0.8291543756145527,0.033277254753222955
108,0.7369198312236285,0.7979223348998271,0.7443965517241379,0.840953785644051,0.030137855670257948
109,0.8016877637130801,0.8417017066534752,0.7974137931034483,0.884464110127827,0.022533449996808026
110,0.7411392405063291,0.8953747217412814,0.7965517241379311,0.8942969518190758,0.03556608697937986
111,0.698523206751055,0.8619836754884987,0.7756465517241379,0.8330875122910522,0.07802871273371813
112,0.7546413502109706,0.8211723967350978,0.7495689655172412,0.8625860373647984,0.035887161885592184
113,0.7734177215189875,0.8342814741528569,0.7713362068965516,0.88102261553589,0.03361898360077058
114,0.7447257383966244,0.842691070986891,0.7499999999999999,0.8699606686332351,0.048390306917568245
115,0.7552742616033754,0.8548107840712343,0.8140086206896552,0.8992133726647,0.1489618578032468
116,0.628691983122363,0.8654464506554539,0.810344827586207,0.7713864306784661,0.22188153650302486
117,0.6371308016877637,0.7279248083106605,0.6594827586206896,0.7763028515240904,0.02284513674786795
118,0.6244725738396624,0.7417759089784813,0.6609913793103449,0.7369714847590954,0.026130991051210507
119,0.6331223628691984,0.7150630719762553,0.6441810344827587,0.7576204523107177,0.019778965275091723
120,0.6751054852320675,0.7425179322285432,0.6683189655172413,0.7910521140609637,0.029362394054669106
121,0.6835443037974684,0.7773930249814495,0.7176724137931035,0.8205506391347099,0.04038596583462577
122,0.6744725738396626,0.7887707148157309,0.7066810344827587,0.7976892822025567,0.027231282835072645
123,0.618776371308017,0.7487014593123918,0.7431034482758619,0.7598328416912488,0.1200144202063141
124,0.6457805907172995,0.7017066534751423,0.6463362068965516,0.7519665683382499,0.03409026898942143
125,0.691561181434599,0.7402918624783578,0.689655172413793,0.7765486725663717,0.051663017803697434
126,0.6837552742616033,0.7803611179816968,0.6939655172413793,0.8303834808259587,0.03440383337151183
127,0.6782700421940928,0.783823893148652,0.7015086206896551,0.8254670599803344,0.032235169531305743
128,0.7172995780590716,0.7887707148157309,0.7112068965517241,0.8254670599803344,0.03524688970419801
129,0.6964135021097047,0.8273559238189464,0.7967672413793104,0.8402163225172075,0.08117937760286602
130,0.7381856540084388,0.8073212960672768,0.7482758620689657,0.8402163225172075,0.06582223340455814
131,0.8016877637130801,0.833044768736087,0.8338362068965516,0.877581120943953,0.48676457886613617
132,0.5529535864978903,0.8807815978233987,0.7622844827586207,0.6831366764995084,0.39311397595881226
133,0.5523206751054852,0.644323522137027,0.5644396551724137,0.6708456243854475,0.021438791106037334
134,0.5548523206751055,0.6240415533020035,0.5452586206896551,0.6607669616519174,0.016560705688846496
135,0.5400843881856539,0.6139005688844917,0.5428879310344826,0.6570796460176991,0.02123788458577582
136,0.5561181434599156,0.6116744991343063,0.5465517241379311,0.6565880039331367,0.02377080884589531
137,0.5337552742616034,0.6082117239673511,0.543103448275862,0.6516715830875124,0.01937902986559917
138,0.5654008438818565,0.6074697007172892,0.5560344827586207,0.6533923303834808,0.014262485307537185
139,0.5447257383966244,0.6247835765520654,0.5571120689655172,0.6735496558505407,0.024204541613936526
140,0.5426160337552741,0.6114271580509524,0.581896551724138,0.6595378564405114,0.044295193640088174
141,0.5352320675105484,0.6131585456344298,0.5642241379310345,0.6548672566371683,0.04045168292069262
142,0.5316455696202531,0.6121691813010143,0.5375,0.6386430678466077,0.016421760992590868
143,0.5168776371308017,0.5748206777145685,0.5086206896551724,0.6165191740412981,0.02342156947422576
144,0.5274261603375527,0.5805095226317093,0.521551724137931,0.6189773844641102,0.022721213099856172
145,0.5189873417721518,0.5572594607964384,0.5256465517241379,0.586283185840708,0.07299102867893636
146,0.5063291139240507,0.5560227553796685,0.5122844827586206,0.5899705014749264,0.05276518721859005
147,0.5316455696202531,0.599802127133317,0.5372844827586206,0.643559488692232,0.009543998527937272
148,0.5569620253164556,0.6022755379668564,0.5771551724137932,0.643559488692232,0.03530697389717341
149,0.5485232067510548,0.6242888943853574,0.5547413793103447,0.6605211406096361,0.01114749542796844
150,0.6029535864978903,0.6275043284689589,0.5948275862068965,0.6386430678466077,0.06889779303248678
151,0.5729957805907173,0.6589166460549097,0.6758620689655174,0.6533923303834808,0.03710198916231369
152,0.5567510548523205,0.6257729408854812,0.5471982758620689,0.6583087512291053,0.02268929337233799
153,0.5459915611814345,0.6158792975513233,0.5448275862068966,0.6588003933136677,0.045275317037999495
154,0.5651898734177214,0.6082117239673511,0.5558189655172413,0.6484759095378565,0.02336148528125035
155,0.5453586497890295,0.6200840959683404,0.5474137931034483,0.6615044247787611,0.021885667291291922
156,0.5567510548523205,0.612911204551076,0.5471982758620689,0.6583087512291053,0.03861160451082079
157,0.5485232067510548,0.5980707395498391,0.5448275862068966,0.6398721730580139,0.023029144588855133
158,0.5561181434599156,0.6054909720504577,0.5810344827586208,0.6398721730580139,0.04233870210632649
159,0.5575949367088608,0.6116744991343063,0.5721982758620688,0.6533923303834808,0.027790816882156122
160,0.590717299578059,0.6398713826366561,0.581896551724138,0.6831366764995084,0.012446816101061612
161,0.5649789029535865,0.6571852584714323,0.5946120689655171,0.684857423795477,0.05475735374193088
162,0.5575949367088608,0.648775661637398,0.5812499999999999,0.6885447394296953,0.02846864168415993
163,0.6033755274261603,0.6811773435567648,0.6163793103448275,0.712881022615536,0.04061691445137499
164,0.5959915611814346,0.7012119713084345,0.6420258620689655,0.733284169124877,0.02316621165408028
165,0.6535864978902952,0.7153104130596094,0.6461206896551722,0.7109144542772861,0.07721945375958061
166,0.5139240506329115,0.6965124907247094,0.685344827586207,0.6376597836774829,0.29027987968140356
167,0.5400843881856539,0.572099925797675,0.5467672413793102,0.6199606686332351,0.027858411599253452
168,0.5546413502109704,0.6045016077170419,0.561853448275862,0.6533923303834808,0.025180909749786887
169,0.5881856540084389,0.6299777393024982,0.5793103448275861,0.673795476892822,0.01739249623534978
170,0.6666666666666667,0.6707890180558992,0.6594827586206896,0.6691248770894789,0.043484057034920184
171,0.6793248945147679,0.7279248083106605,0.6872844827586205,0.7664700098328416,0.055765641605299426
172,0.6873417721518986,0.7605738313133813,0.69375,0.8058013765978369,0.02623613838891747
173,0.7088607594936709,0.7717041800643089,0.7025862068965517,0.7664700098328416,0.020824805759069896
174,0.6624472573839661,0.7709621568142467,0.7109913793103447,0.766715830875123,0.01872373663596114
175,0.6164556962025316,0.7608211723967352,0.6670258620689654,0.7571288102261553,0.03160240787403349
176,0.6455696202531644,0.7098689092258225,0.6379310344827586,0.7236971484759096,0.03947719241587274
177,0.5063291139240507,0.6680682661390057,0.5862068965517241,0.628810226155359,0.051079074553217696
178,0.6033755274261603,0.6665842196388821,0.6137931034482759,0.6698623402163226,0.07107772265887576
179,0.6962025316455696,0.711847637892654,0.689655172413793,0.7271386430678466,0.032804091733541624
180,0.6584388185654009,0.7707148157308931,0.6943965517241381,0.7740904621435596,0.04671546003837878
181,0.6156118143459917,0.7422705911451893,0.6982758620689654,0.7283677482792528,0.06455295482795267
182,0.6221518987341772,0.6910709868909227,0.6351293103448276,0.716322517207473,0.032441708944658705
183,0.659704641350211,0.707148157308929,0.6588362068965518,0.7337758112094395,0.01421554453177515
184,0.6352320675105485,0.7192678703932723,0.6715517241379311,0.7664700098328416,0.019846559992189053
185,0.6997890295358651,0.7449913430620826,0.69375,0.7819567354965584,0.03555857645525793
186,0.679535864978903,0.7858026218154835,0.698060344827586,0.83062930186824,0.011316482220711771
187,0.649789029535865,0.7712094978976008,0.6928879310344828,0.7959685349065881,0.013100231699669162
188,0.6710970464135022,0.7380657927281723,0.6678879310344826,0.7777777777777779,0.030858865985962828
189,0.729957805907173,0.7585951026465495,0.7241379310344828,0.7876106194690267,0.05664812818962571
190,0.7172995780590716,0.7902547613158547,0.7112068965517241,0.7694198623402164,0.056220028314675936
191,0.7297468354430379,0.8013851100667823,0.7241379310344828,0.8372664700098327,0.031741352570289115
192,0.7721518987341771,0.8253771951521148,0.7711206896551722,0.8254670599803344,0.07369138505330596
193,0.7890295358649788,0.8404650012367055,0.7844827586206896,0.8748770894788596,0.03944715031938504
194,0.759493670886076,0.8639624041553303,0.7754310344827585,0.9058505408062931,0.031773272297807305
195,0.7892405063291139,0.8859757605738313,0.7961206896551724,0.9240412979351034,0.03156485525342386
196,0.7850210970464135,0.8971061093247589,0.810344827586207,0.923795476892822,0.040354046107107584
197,0.8025316455696201,0.9040316596586694,0.8101293103448276,0.9434611602753196,0.04616906940850867
198,0.8229957805907173,0.9238189463269851,0.8191810344827587,0.9658308751229105,0.0335457559905818
199,0.8354430379746836,0.9307444966608954,0.8405172413793104,0.9641101278269419,0.12706680235680246
200,0.7808016877637132,0.9309918377442493,0.8405172413793104,0.9486234021632252,0.12840555328153574
201,0.8270042194092826,0.8933959930744496,0.8234913793103448,0.9287118977384465,0.0666258594856042
202,0.8048523206751055,0.9272817214939403,0.831896551724138,0.9680432645034416,0.04135294581532372
203,0.8059071729957805,0.923571605243631,0.8577586206896551,0.9532940019665683,0.11236119612607166
204,0.8852320675105485,0.9317338609943112,0.895258620689655,0.9520648967551624,0.21026651094846652
205,0.7337552742616034,0.9544892406628741,0.8265086206896551,0.8500491642084562,0.3158212945890429
206,0.7736286919831223,0.8189463269849123,0.7687500000000002,0.8549655850540807,0.15008843642153566
207,0.8440928270042194,0.888201830324017,0.860344827586207,0.9105211406096363,0.21617729343242217
208,1.0,0.9685876824140492,0.9999999999999999,0.9483775811209441,1.0
209,0.8312236286919832,1.0,0.8661637931034482,0.9483775811209441,0.39166632243431104
210,0.7166666666666668,0.8602522879050211,0.7443965517241379,0.8500491642084562,0.17899456613579778
211,0.46413502109704635,0.7331189710610934,0.6336206896551725,0.5157325467059981,0.5589726354053618
212,0.48502109704641344,0.5213950037101162,0.4956896551724138,0.5110619469026549,0.43396183902693647
213,0.3744725738396624,0.3999505317833293,0.3698275862068966,0.448377581120944,0.026331897571472026
214,0.3375527426160337,0.40885481078407127,0.37241379310344824,0.4174041297935103,0.2433090618228793
215,0.30801687763713076,0.36458075686371516,0.31875,0.3977384464110128,0.04424637523329566
216,0.3037974683544304,0.34825624536235467,0.3086206896551724,0.3679941002949852,0.0663629911413368
217,0.29535864978902954,0.32822161761068525,0.29612068965517235,0.3780727630285153,0.028402924598093078
218,0.2827004219409282,0.33292109819441007,0.30043103448275854,0.3682399213372665,0.041461848415091644
219,0.29535864978902954,0.33415780361117986,0.30129310344827587,0.3780727630285153,0.012903080441468607
220,0.2993670886075948,0.33687855552807333,0.3224137931034483,0.3780727630285153,0.04034841321401614
221,0.2995780590717299,0.32624288894385367,0.2844827586206896,0.35865290068829897,0.020997547813874192
222,0.29535864978902954,0.3232747959436063,0.2926724137931035,0.3731563421828909,0.017753001393202225
223,0.3113924050632912,0.324511501360376,0.303448275862069,0.3387413962635201,0.026074662120296063
224,0.3164556962025316,0.34256740044521405,0.3081896551724138,0.3797935103244838,0.01756899355221504
225,0.29113924050632906,0.34157803611179816,0.3017241379310345,0.3780727630285153,0.025306711028829146
226,0.29535864978902954,0.31931733860994316,0.2801724137931034,0.28982300884955764,0.051503419166106505
227,0.31181434599156116,0.3170912688597577,0.2969827586206897,0.36332350049164214,0.0454367933066209
228,0.31751054852320676,0.33687855552807333,0.3081896551724138,0.3834808259587021,0.02563154119710244
229,0.3578059071729958,0.3559238189463271,0.35344827586206895,0.4041297935103246,0.13589730109315679
230,0.2955696202531645,0.3252535246104379,0.28943965517241377,0.3780727630285153,0.02857378902186689
231,0.31223628691983124,0.32080138511006684,0.2974137931034483,0.36381514257620456,0.011141862534876996
232,0.3033755274261603,0.32772693544397735,0.29892241379310336,0.3588987217305801,0.049704648638905266
233,0.2943037974683544,0.3094236952757853,0.2793103448275862,0.3436578171091446,0.01695125294318664
234,0.2959915611814346,0.3173386099431116,0.2887931034482758,0.36750245821042277,0.06609448990397795
235,0.3035864978902953,0.3151125401929261,0.2887931034482758,0.3640609636184858,0.016725937219528864
236,0.29113924050632906,0.32772693544397735,0.3049568965517241,0.3436578171091446,0.04756790452621736
237,0.31223628691983124,0.32624288894385367,0.2995689655172413,0.37094395280236,0.046469490373385706
238,0.2827004219409282,0.3237694781103142,0.2967672413793103,0.3554572271386431,0.03176763940471586
239,0.3208860759493671,0.32797427652733124,0.30625,0.38274336283185834,0.03373539672466043
240,0.31181434599156116,0.3373732376947811,0.3232758620689655,0.3832350049164209,0.10413153931947142
241,0.3280590717299578,0.3292109819441009,0.3135775862068966,0.3421828908554572,0.08914428843416838
242,0.3394514767932489,0.3687855552807322,0.33836206896551724,0.41937069813176014,0.03720713650002065
243,0.3582278481012658,0.3771951521147664,0.35668103448275856,0.4289577187807276,0.08094467372405584
244,0.35864978902953587,0.3836260202819689,0.3706896551724138,0.41937069813176014,0.16097869639832815
245,0.3375527426160337,0.37373237694781103,0.3448275862068966,0.4149459193706982,0.056986101775112374
246,0.3316455696202531,0.38065792728172154,0.35344827586206895,0.42502458210422817,0.05850886054083284
247,0.35126582278481006,0.37299035369774913,0.3584051724137931,0.42305801376597846,0.061520580713725105
248,0.35337552742616035,0.40366064803363844,0.35775862068965514,0.4323992133726648,0.027321409124535755
249,0.37974683544303794,0.39549839228295824,0.3663793103448276,0.44419862340216315,0.03220137217275708
250,0.40084388185654,0.41033885728419495,0.38793103448275856,0.451819075712881,0.0299200504707221
251,0.39430379746835437,0.4232005936186001,0.39224137931034486,0.43215339233038347,0.0408384749129718
252,0.3993670886075949,0.44694533762057886,0.39224137931034486,0.49115044247787615,0.03367155726962406
253,0.4050632911392405,0.4387830818698987,0.4094827586206896,0.44739429695181904,0.21044676352739275
254,0.3130801687763712,0.4214692060351225,0.4094827586206896,0.3522615535889872,0.3994171833281385
255,0.37194092827004216,0.3893148651991096,0.3788793103448276,0.4444444444444445,0.10570123886095392
256,0.4894514767932489,0.49220875587435076,0.5510775862068965,0.5213864306784661,0.1778698651485394
257,0.40084388185654,0.550086569379174,0.47413793103448276,0.5058997050147493,0.1358165629588461
258,0.3672995780590717,0.4511501360375959,0.42068965517241375,0.46681415929203546,0.12124426853127947
259,0.4261603375527426,0.39549839228295824,0.4137931034482758,0.4132251720747296,0.0784267705121802
260,0.40084388185654,0.45560227553796695,0.40797413793103454,0.4830383480825959,0.12603598292106813
261,0.3164556962025316,0.3821419737818452,0.32780172413793107,0.40757128810226156,0.015420983653344248
262,0.27848101265822783,0.3383626020281969,0.289655172413793,0.36332350049164214,0.016742835898803196
263,0.25084388185654,0.29680930002473416,0.2646551724137931,0.3190757128810226,0.05902708670524572
264,0.27405063291139237,0.2693544397724462,0.258405172413793,0.32005899705014745,0.016600135940486607
265,0.2658227848101265,0.2772693544397724,0.275,0.32890855457227136,0.05779723838028037
266,0.2489451476793249,0.3005194162750434,0.2586206896551724,0.31489675516224197,0.00896568817054898
267,0.28185654008438815,0.28196883502349745,0.26637931034482765,0.3220255653883973,0.007799679300619994
268,0.270042194092827,0.28023744744001977,0.26293103448275856,0.33431661750245817,0.023892854862876605
269,0.2544303797468354,0.2995300519416275,0.26724137931034486,0.313913470993117,0.03201924196280037
270,0.30421940928270036,0.2997773930249815,0.2892241379310344,0.3554572271386431,0.04632679041506912
271,0.3375527426160337,0.34380410586198373,0.3232758620689655,0.38790560471976404,0.03587965136147026
272,0.37974683544303794,0.3781845164481821,0.3963362068965517,0.43338249754178954,0.060874675639239484
273,0.3786919831223628,0.42641602770220144,0.36724137931034473,0.43682399213372664,0.1839026936494763
274,0.34156118143459907,0.3816472916151372,0.32737068965517235,0.39872173058013766,0.06175716222356577
275,0.30421940928270036,0.337867919861489,0.2892241379310344,0.39331366764995085,0.02892115076250596
276,0.2679324894514768,0.29631461785802615,0.2627155172413792,0.3451327433628319,0.010236844378184931
277,0.30780590717299566,0.29680930002473416,0.29288793103448274,0.33382497541789574,0.022828238068593618
278,0.28227848101265823,0.3165965866930498,0.27068965517241383,0.3416912487708948,0.029321086171998512
279,0.2154008438818566,0.27603264902300273,0.2353448275862069,0.2871189773844642,0.029585832147296397
280,0.20506329113924043,0.23744744001978735,0.2025862068965517,0.27777777777777773,0.017137138415204305
281,0.1943037974683544,0.23151125401929262,0.19827586206896552,0.2652409046214356,0.019668185044293317
282,0.20822784810126577,0.22260697501855065,0.19396551724137934,0.2652409046214356,0.016981295039674344
283,0.19578059071729953,0.225327726935444,0.20969827586206902,0.26696165191740423,0.020533772949345268
284,0.21075949367088603,0.21518674251793235,0.2064655172413793,0.26007866273353003,0.02497812559849489
285,0.19029535864978903,0.22087558743507296,0.19374999999999998,0.26032448377581124,0.04326625183538433
286,0.18185654008438817,0.2043037348503587,0.18103448275862066,0.2507374631268437,0.01068372056343952
287,0.18586497890295356,0.20875587435072973,0.18943965517241368,0.25516224188790565,0.013569639457289527
288,0.20632911392405068,0.20133564185011132,0.18922413793103454,0.25024582104228127,0.00446876185254588
289,0.19029535864978903,0.20281968835023512,0.1875,0.24926253687315642,0.027736365582272157
290,0.18417721518987346,0.22186495176848886,0.19396551724137934,0.24139626352015725,0.02241140397982673
291,0.2151898734177215,0.21592876576799402,0.19827586206896552,0.25024582104228127,0.005578441791560424
292,0.1778481012658228,0.20529309918377447,0.17672413793103448,0.24606686332350053,0.0031375214519345235
293,0.16793248945147682,0.2043037348503587,0.18922413793103454,0.23451327433628327,0.010475303519056076
294,0.2151898734177215,0.18352708384862737,0.19827586206896552,0.23549655850540813,0.005700487808541719
295,0.1983122362869198,0.20504575810042047,0.19396551724137934,0.25024582104228127,0.007809067455772401
296,0.20253164556962028,0.2114766262676231,0.19396551724137934,0.2281219272369715,0.009581551148546901
297,0.21772151898734177,0.2035617116002968,0.20086206896551717,0.24287118977384464,0.0081939818170211
298,0.17299578059071724,0.2030670294335889,0.19353448275862073,0.2404129793510325,0.008986342111884277
299,0.18987341772151894,0.19960425426663375,0.2068965517241379,0.2558997050147493,0.008411787016556949
300,0.21097046413502102,0.2188968587682415,0.21336206896551724,0.26032448377581124,0.008777925067500835
301,0.22215189873417723,0.23843680435320314,0.21379310344827585,0.2944936086529007,0.003892329126188071
302,0.16898734177215197,0.23447934701953987,0.20581896551724133,0.22689282202556543,0.01028754041600793
303,0.19409282700421943,0.21370269601780856,0.20560344827586197,0.26032448377581124,0.006372679717454082
304,0.23987341772151888,0.20504575810042047,0.2234913793103448,0.26007866273353003,0.1309422328037162
305,0.20464135021097046,0.2186495176848875,0.21961206896551722,0.2699115044247788,0.01759715801767226
306,0.22784810126582272,0.23076923076923073,0.23211206896551717,0.2699115044247788,0.0064721941620696005
307,0.2489451476793249,0.24635171902052933,0.23706896551724133,0.2994100294985251,0.0032708332550987072
308,0.22805907172995782,0.24635171902052933,0.22844827586206895,0.29572271386430676,0.0025648439876376776
309,0.2531645569620253,0.2485777887707149,0.23706896551724133,0.2984267453294002,0.0025854979289729736
310,0.22784810126582272,0.25204056393767005,0.23706896551724133,0.30432645034414946,0.0017518297514392041
311,0.2320675105485232,0.25129854068760826,0.23706896551724133,0.2994100294985251,0.0036426041991340368
312,0.2489451476793249,0.2636655948553055,0.2456896551724138,0.31047197640118,0.005661057556901609
313,0.2588607594936709,0.2785060598565422,0.2504310344827586,0.3313667649950836,0.009579673517516419
314,0.2246835443037974,0.26663368785555275,0.25,0.30063913470993114,0.006216836341924122
315,0.2527426160337553,0.2537719515211476,0.23706896551724133,0.30063913470993114,0.004737263089904729
316,0.2531645569620253,0.25797674993816466,0.2405172413793104,0.30924287118977384,0.0037590173230238875
317,0.27426160337552735,0.2715805095226317,0.2586206896551724,0.30924287118977384,0.012811076520975016
318,0.23628691983122357,0.2562453623546871,0.258405172413793,0.30924287118977384,0.004245323759918586
319,0.2527426160337553,0.26762305218896865,0.23663793103448272,0.3141592920353982,0.005815023301401088
320,0.24071729957805904,0.28122681177343567,0.2693965517241379,0.3193215339233039,0.004089480384388625
321,0.24113924050632912,0.2854316101904527,0.27543103448275863,0.31981317600786635,0.0024841058533269745
322,0.24071729957805904,0.29779866435814994,0.27586206896551724,0.3193215339233039,0.0012336035870263206
323,0.2827004219409282,0.3017561216918131,0.26918103448275854,0.3500491642084563,0.009902626054759231
324,0.24999999999999994,0.302003462775167,0.26724137931034486,0.33013765978367754,0.008377989658008284
325,0.2489451476793249,0.27430126143952516,0.23426724137931032,0.2652409046214356,0.010011528654527155
326,0.26139240506329103,0.27405392035617115,0.24547413793103445,0.27974434611602755,0.013310526375083084
327,0.21371308016877638,0.23621073460301767,0.2155172413793104,0.2878564405113078,0.007352803115365406
328,0.21940928270042187,0.2500618352708385,0.21767241379310343,0.28466076696165193,0.017405639652563153
329,0.22362869198312235,0.2559980212713333,0.2480603448275862,0.2750737463126845,0.00864273563330617
330,0.21940928270042187,0.25995547860499635,0.23706896551724133,0.2944936086529007,0.004080092229236217
331,0.29113924050632906,0.25179322285431605,0.27586206896551724,0.2994100294985251,0.00928676307676131
332,0.2940928270042193,0.2785060598565422,0.2836206896551724,0.32694198623402165,0.009072713139286424
333,0.27426160337552735,0.28370022260697514,0.29655172413793107,0.33382497541789574,0.014375143169366073
334,0.2827004219409282,0.31338115260944854,0.3010775862068965,0.3593903638151425,0.02989751889835632
335,0.309704641350211,0.3091763541924315,0.30991379310344824,0.3608652900688299,0.03394944666213531
336,0.371097046413502,0.35765520652980465,0.3575431034482758,0.39896755162241887,0.03614815259882911
337,0.3670886075949366,0.40341330695028443,0.3620689655172413,0.45624385447394306,0.019164979928124284
338,0.38164556962025303,0.4081127875340095,0.3786637931034482,0.4523107177974434,0.047727503163808284
339,0.3763713080168775,0.40168191936680686,0.3793103448275862,0.4523107177974434,0.01935086540014195
340,0.35042194092827,0.4152856789512739,0.3987068965517241,0.44714847590953793,0.06853541024360385
341,0.37552742616033746,0.3900568884491715,0.3663793103448276,0.4292035398230089,0.10957666930786765
342,0.3670886075949366,0.4308681672025725,0.41357758620689644,0.46656833824975424,0.5297886162985884
343,0.18417721518987346,0.3109077417759091,0.2657327586206897,0.23598820058997055,0.03760707190951321
344,0.16877637130801687,0.16942864209745245,0.15538793103448278,0.21337266470009836,0.009155328904627608
345,0.16097046413502109,0.18204303734850358,0.19396551724137934,0.226401179941003,0.003790937050542072
346,0.1814345991561181,0.18377442493198115,0.1637931034482758,0.23058013765978375,0.0027845268182040087
347,0.16033755274261602,0.1736334405144695,0.14655172413793105,0.22074729596853498,0.0021386217437183858
348,0.17805907172995777,0.16646054909720498,0.16034482758620683,0.21681415929203535,0.005640403615566313
349,0.1476793248945148,0.1731387583477616,0.18534482758620685,0.2109144542772861,0.007643835925090032
350,0.15611814345991554,0.15434083601286175,0.2120689655172413,0.2035398230088496,0.009972098402887045
351,0.15632911392405063,0.14642592134553556,0.15926724137931025,0.19690265486725672,0.0074861149185295895
352,0.14008438818565389,0.15483551817956964,0.15926724137931025,0.2020648967551622,0.002519780842906122
353,0.16033755274261602,0.1592876576799407,0.14655172413793105,0.20648967551622416,0.002544190046302381
354,0.15991561181434594,0.15434083601286175,0.14181034482758625,0.19370698131760083,0.004688444683112211
355,0.12025316455696206,0.16250309176354194,0.14137931034482765,0.1720747295968535,0.02069149395590571
356,0.16202531645569623,0.14766262676230524,0.1439655172413793,0.1863323500491642,0.001616640317244539
357,0.16476793248945149,0.14147909967845662,0.1467672413793104,0.1863323500491642,0.0006815800640647707
358,0.1476793248945148,0.15458817709621575,0.14374999999999993,0.2109144542772861,0.0010589839011915447
359,0.14810126582278477,0.16373979718031173,0.14655172413793105,0.2109144542772861,0.0031056017244163385
360,0.14978902953586498,0.1659658669304972,0.15086206896551724,0.19223205506391344,0.007564975421809811
361,0.09556962025316457,0.13801632451150136,0.16637931034482756,0.1371681415929204,0.010987896790377516
362,0.11751054852320669,0.10116250309176356,0.09870689655172415,0.1494591937069813,0.03917301618893474
363,0.10464135021097049,0.1048726193420727,0.09806034482758619,0.16052114060963624,0.0012824219938188386
364,0.11371308016877629,0.10685134800890428,0.09913793103448276,0.15535889872173053,0.005925803532199495
365,0.109915611814346,0.10388325500865703,0.10237068965517238,0.15044247787610626,0.0053531260679026485
366,0.08818565400843886,0.1053673015087806,0.09202586206896546,0.12045231071779744,0.016908067429485567
367,0.08565400843881849,0.07840712342320066,0.07068965517241377,0.1251229105211406,0.007968666093363325
368,0.07637130801687758,0.08088053425674013,0.06853448275862073,0.11750245821042288,0.008113243682710398
369,0.08080168776371305,0.06628741033885732,0.07500000000000007,0.12241887905604726,0.001580965327665391
370,0.08438818565400846,0.08063319317338613,0.0818965517241379,0.12954768928220256,0.005118422189092466
371,0.08037974683544297,0.08211723967350981,0.06896551724137934,0.13249754178957723,0.00012204601698129504
372,0.0968354430379747,0.08607469700717296,0.07737068965517246,0.12979351032448377,0.0028990623110633777
373,0.0818565400843882,0.06826613900568879,0.0818965517241379,0.12364798426745333,0.013455103964430157
374,0.08438818565400846,0.06950284442245858,0.0724137931034482,0.12364798426745333,0.00367264629562174
375,0.10105485232067507,0.08137521642344792,0.0818965517241379,0.12782694198623407,0.004928781455013838
376,0.08417721518987337,0.08013851100667824,0.08146551724137929,0.13470993117010815,0.008931890812000316
377,0.08016877637130798,0.0751916893395993,0.0672413793103448,0.12364798426745333,0.002087925705895386
378,0.05949367088607588,0.06579272817214943,0.06896551724137934,0.10816125860373654,0.00522732478886039
379,0.08143459915611811,0.04748948800395747,0.061637931034482785,0.09439528023598825,0.006838332213013485
380,0.07700421940928265,0.059856542171654814,0.06336206896551722,0.10349065880039338,0.0047766933415448395
381,0.09240506329113923,0.07568637150630719,0.07500000000000007,0.12979351032448377,0.0016316613654883906
382,0.10295358649789027,0.07865446450655456,0.08362068965517244,0.1302851524090462,0.0027807715561430457
383,0.11814345991561176,0.08088053425674013,0.10323275862068959,0.1371681415929204,0.002936614931673007
384,0.08438818565400846,0.09621568142468462,0.08620689655172409,0.1371681415929204,0.00798932003469862
385,0.07700421940928265,0.08186989859015581,0.07349137931034477,0.1285644051130777,0.006258144224594714
386,0.08902953586497891,0.08211723967350981,0.07758620689655171,0.13274336283185845,0.002042862561163831
387,0.08227848101265817,0.08459065050704928,0.08146551724137929,0.13470993117010815,0.002900939942093859
388,0.08670886075949363,0.08879544892406632,0.07758620689655171,0.12045231071779744,0.006560442820502229
389,0.09029535864978905,0.06307197625525596,0.07306034482758617,0.11750245821042288,0.033853687479580764
390,0.0968354430379747,0.07296561958941383,0.08620689655172409,0.11996066863323501,0.2065506791391437
391,0.10590717299578051,0.06826613900568879,0.09870689655172415,0.11848574237954773,0.18895539875250195
392,0.10126582278481006,0.11229285184269111,0.10538793103448274,0.15683382497541792,0.026750609291269392
393,0.14345991561181431,0.10981944100915164,0.125,0.1600294985250738,0.0919795112901954
394,0.09999999999999992,0.11031412317585954,0.09482758620689657,0.1474926253687316,0.14065146286233585
395,0.11793248945147677,0.09967845659163987,0.10301724137931034,0.14478859390363813,0.033808624334849206
396,0.10337552742616035,0.090032154340836,0.08405172413793105,0.12758112094395285,0.011658211068259398
397,0.1042194092827004,0.09671036359139251,0.10387931034482756,0.14503441494591934,0.05326275944166763
398,0.11772151898734179,0.10190452634182545,0.09870689655172415,0.13274336283185845,0.06318040654467072
399,0.09662447257383971,0.09102151867425179,0.0771551724137931,0.13470993117010815,0.037443718009861314
400,0.11687763713080163,0.08929013109077422,0.09784482758620683,0.13962635201573254,0.0365743748427484
401,0.10886075949367097,0.0981944100915163,0.10323275862068959,0.13249754178957723,0.0267599974464218
402,0.09282700421940931,0.08533267375711107,0.09482758620689657,0.14208456243854478,0.017212243656423563
403,0.12953586497890285,0.08063319317338613,0.11120689655172422,0.12241887905604726,0.014232443211049483
404,0.11814345991561176,0.09522631709126894,0.09913793103448276,0.15167158308751233,0.012311626666866946
405,0.11497890295358643,0.10883007667573596,0.125,0.12561455260570314,0.009215413097603016
406,0.11898734177215181,0.1278753400939897,0.159051724137931,0.17600786627335302,0.04214718374121738
407,0.1308016877637131,0.1276279990106357,0.125,0.17649950835791545,0.0009613470876065086
408,0.12236286919831224,0.13010140984417506,0.12909482758620683,0.18141592920353983,0.0009125286808139906
409,0.13502109704641346,0.1343062082611921,0.15064655172413788,0.1863323500491642,0.014452126041615814
410,0.17130801687763703,0.15285678951273807,0.15344827586206888,0.1442969518190758,0.012512533187128463
411,0.13945147679324893,0.15607222359633932,0.23275862068965514,0.20132743362831867,0.0068608637853792625
412,0.20253164556962028,0.17017066534751424,0.25,0.2158308751229106,0.01372736046384997
413,0.17974683544303788,0.1575562700964631,0.17952586206896548,0.21140609636184854,0.0006045971918150308
414,0.19409282700421943,0.17858026218154843,0.18491379310344824,0.2175516224188791,0.0018851415546033879
415,0.14831223628691986,0.2193915409349494,0.20668103448275854,0.21140609636184854,0.003068049103806709
416,0.20675105485232065,0.18154835518179568,0.2586206896551724,0.23598820058997055,0.0015283916588119102
417,0.1476793248945148,0.17734355676477864,0.1681034482758621,0.1772369714847592,7.698287224973995e-05
418,0.1645569620253164,0.19366806826613903,0.19396551724137934,0.2109144542772861,0.0001539657444994799
419,0.15189873417721517,0.17684887459807086,0.17155172413793107,0.2109144542772861,0.0013387509247332824
420,0.16877637130801687,0.20677714568389816,0.19008620689655165,0.2209931170108162,0.0013331180316418381
421,0.18987341772151894,0.1892159287657681,0.18814655172413797,0.2109144542772861,0.002397734825924827
422,0.17721518987341772,0.1963888201830324,0.17672413793103448,0.2453294001966569,0.00026099071323692325
423,0.17721518987341772,0.17017066534751424,0.1594827586206896,0.21656833824975424,0.0013575272350380971
424,0.21476793248945142,0.1953994558496167,0.19784482758620692,0.25024582104228127,0.0007134997915829556
425,0.17299578059071724,0.2038090526836508,0.1724137931034483,0.2404129793510325,0.0005050827471995132
426,0.2151898734177215,0.20084095968340343,0.20000000000000007,0.25516224188790565,0.0008468115947471394
427,0.18375527426160337,0.19391540934949303,0.18017241379310345,0.25024582104228127,0.0009519589324541013
428,0.17721518987341772,0.19614147909967838,0.22844827586206895,0.2453294001966569,0.002521658473936604
429,0.1793248945147679,0.20702448676725205,0.20043103448275856,0.24778761061946902,0.0005107156402909576
430,0.17827004219409276,0.1889685876824141,0.18534482758620685,0.2453294001966569,0.00023658150984066424
431,0.20042194092826998,0.2045510759337127,0.19396551724137934,0.26081612586037367,0.0006027195607845493
432,0.20253164556962028,0.22310165718525854,0.18965517241379304,0.2723697148475909,4.881840679251801e-05
433,0.21940928270042187,0.2109819441009151,0.2112068965517241,0.26007866273353003,0.00020653941335296085
434,0.18987341772151894,0.20628246351719026,0.2586206896551724,0.25024582104228127,0.0003567498957914778
435,0.26308016877637125,0.24437299035369775,0.24719827586206888,0.2799901671583089,0.0007942379258936584
436,0.23628691983122357,0.2483304476873609,0.2353448275862069,0.2895771878072763,0.00021968283056633109
437,0.21097046413502102,0.23225327726935452,0.21314655172413788,0.26597836774827927,0.0011660088699289878
438,0.24008438818565397,0.22854316101904526,0.22370689655172415,0.27974434611602755,0.0007548076742535478
439,0.24050632911392406,0.23893148651991092,0.22844827586206895,0.2944936086529007,0.00033609595445618175
440,0.2489451476793249,0.23744744001978735,0.23275862068965514,0.27974434611602755,2.0653941335296086e-05
441,0.23987341772151888,0.2624288894385357,0.2234913793103448,0.31833824975417896,0.00018588547201766475
442,0.23628691983122357,0.2552559980212714,0.2586206896551724,0.30924287118977384,0.002831467593966045
443,0.2320675105485232,0.25055651743754637,0.21939655172413797,0.30432645034414946,0.00011078023079840627
444,0.23143459915611814,0.2263170912688599,0.21487068965517242,0.2649950835791544,0.0004112011956754402
445,0.21097046413502102,0.20875587435072973,0.1989224137931035,0.26007866273353003,0.0002628683442674047
446,0.2531645569620253,0.2332426416027702,0.23706896551724133,0.26548672566371684,0.0008393010706252136
447,0.2599156118143459,0.23126391293593873,0.24396551724137927,0.2809734513274336,0.00031168675105992273
448,0.310970464135021,0.23250061835270852,0.3556034482758621,0.25516224188790565,0.0009125286808139906
449,0.24472573839662443,0.25822409102151866,0.22844827586206895,0.3082595870206491,0.00026099071323692325
450,0.20253164556962028,0.2339846648528321,0.2112068965517241,0.2748279252704032,0.00046940775762036556
451,0.22911392405063297,0.2334899826861242,0.25409482758620683,0.2893313667649951,0.003948658057102515
452,0.24008438818565397,0.24981449418748458,0.3017241379310345,0.28515240904621436,0.017779288227628965
453,0.16877637130801687,0.2696017808558002,0.22974137931034488,0.1912487708947886,0.009243577563060237
454,0.13122362869198306,0.135048231511254,0.13793103448275856,0.16666666666666669,0.00040932356464495873
455,0.13122362869198306,0.135048231511254,0.1396551724137931,0.19174041297935102,0.00019715125820055353
456,0.1265822784810126,0.16077170418006437,0.1443965517241379,0.1863323500491642,0.001068372056343952
457,0.16666666666666669,0.18525847143210494,0.1586206896551724,0.21337266470009836,0.0033215292929217066
458,0.08438818565400846,0.17239673509769982,0.1637931034482758,0.1334808259587021,0.012075045157026282
459,0.05485232067510548,0.08013851100667824,0.09482758620689657,0.0,0.0014889614071717993
460,0.06582278481012654,0.046994805837249576,0.045689655172413746,0.09292035398230097,0.0002797670235417379
461,0.06561181434599156,0.05837249567153102,0.045689655172413746,0.11529006882989185,6.008419297540678e-05
462,0.05105485232067508,0.04130596092010885,0.038146551724137945,0.09783677482792535,0.00043748803010218066
463,0.06603375527426164,0.058867177838238915,0.046120689655172464,0.09316617502458208,0.000638394550363697
464,0.06708860759493668,0.054909720504575876,0.053663793103448265,0.10275319567354974,0.00021404993747488668
465,0.06518987341772148,0.04625278258718779,0.04741379310344829,0.09488692232055068,0.0009838786599722861
466,0.05485232067510548,0.04056393767004707,0.04288793103448274,0.09095378564405115,0.0005050827471995132
467,0.07447257383966249,0.06851348008904279,0.05452586206896548,0.12561455260570314,0.0
468,0.04430379746835439,0.052188968587682405,0.055603448275862055,0.09046214355948873,0.000694723481278141
469,0.07172995780590713,0.06529804600544153,0.051724137931034475,0.12241887905604726,0.0
470,0.06434599156118143,0.04056393767004707,0.04418103448275856,0.09783677482792535,0.0007998708189851029
471,0.06329113924050628,0.06999752658916647,0.06465517241379304,0.1125860373647985,8.44933963716658e-05
472,0.079957805907173,0.06851348008904279,0.0625,0.10029498525073749,0.00033985121651714466
473,0.06329113924050628,0.030670294335889192,0.09913793103448276,0.07374631268436577,0.0010420852219172115
474,0.06329113924050628,0.016571852584714386,0.0431034482758621,0.07325467059980334,0.0001483328514080355
475,0.050632911392405056,0.07469700717289152,0.06465517241379304,0.09783677482792535,2.440920339625901e-05
476,0.0253164556962025,0.06925550333910468,0.06465517241379304,0.06833824975417896,0.0018513441960547217
477,0.07594936708860761,0.03561711600296813,0.05603448275862066,0.09292035398230097,0.0001483328514080355
478,0.06751054852320676,0.06381399950531785,0.05043103448275865,0.08800393313667648,0.00037928146815725534
479,0.029957805907172952,0.018797922334899853,0.0601293103448276,0.07374631268436577,0.000199028889231035
480,0.07932489451476793,0.045510759337125894,0.06443965517241379,0.07448377581120952,0.001211072014660543
481,0.06540084388185657,0.07123423200593626,0.08577586206896548,0.10275319567354974,0.001650437675793205
482,0.06329113924050628,0.05688844917140734,0.08081896551724133,0.05358898721730582,0.01218958064988565
483,0.07383966244725731,0.1046252782587187,0.08599137931034473,0.1248770894788594,0.00020466178232247937
484,0.09071729957805902,0.0831066040069256,0.09396551724137936,0.1371681415929204,0.000645905074485623
485,0.09345991561181438,0.08755874350729653,0.07392241379310349,0.142330383480826,0.001462674572745059
486,0.10126582278481006,0.09349492950779126,0.096551724137931,0.14700098328416916,0.0005970866676931049
487,0.11814345991561176,0.11427158050952269,0.10301724137931034,0.15191740412979354,0.0008637102740214726
488,0.12151898734177219,0.11179816967598322,0.11206896551724133,0.14700098328416916,0.001340628555763764
489,0.1265822784810126,0.12465990601038834,0.10775862068965514,0.18141592920353983,3.755262060962924e-05
490,0.09092827004219411,0.08805342567400443,0.09870689655172415,0.14454277286135692,0.0003379735854866632
491,0.10084388185654009,0.1048726193420727,0.09461206896551722,0.14011799410029496,0.001218582538782469
492,0.07848101265822777,0.08013851100667824,0.10237068965517238,0.12979351032448377,0.00048255117483373577
493,0.09092827004219411,0.08953747217412822,0.08405172413793105,0.12733529990167164,0.0008730984291738798
494,0.07848101265822777,0.08434330942369528,0.08362068965517244,0.12733529990167164,0.002470962436113604
495,0.08438818565400846,0.08879544892406632,0.08620689655172409,0.12758112094395285,0.001787504741018352
496,0.0780590717299578,0.08533267375711107,0.09051724137931039,0.12979351032448377,0.0019471033786092763
497,0.07573839662447251,0.08483799159040317,0.0771551724137931,0.10521140609636187,0.007559342528718367
498,0.09071729957805902,0.05169428642097451,0.08556034482758612,0.07153392330383485,0.04215281663430882
499,0.14725738396624471,0.090032154340836,0.12887931034482758,0.12979351032448377,0.035851486896013036
500,0.13544303797468354,0.1360375958446699,0.2538793103448276,0.1617502458210423,0.028603831118354593
501,0.21097046413502102,0.1580509522631709,0.19396551724137934,0.18117010816125861,0.0029629017660997474
502,0.27405063291139237,0.23447934701953987,0.258405172413793,0.28466076696165193,0.0019114283890301284
503,0.2531645569620253,0.23596339351966367,0.23706896551724133,0.2649950835791544,0.0009162839428749535
504,0.2531645569620253,0.2780113776898343,0.2586206896551724,0.33382497541789574,0.0003267077993037744
505,0.26160337552742613,0.29779866435814994,0.25689655172413794,0.33382497541789574,0.001511492979537577
506,0.27848101265822783,0.3225327726935444,0.3318965517241379,0.3193215339233039,0.0027319531493505277
507,0.2658227848101265,0.35122433836260214,0.3077586206896552,0.348574237954769,0.0017123994997990935
508,0.29113924050632906,0.35171902052931003,0.30129310344827587,0.3780727630285153,3.7552620609629247e-06
509,0.3544303797468354,0.27306455602275537,0.3836206896551724,0.32890855457227136,0.00014269995831659113
510,0.350210970464135,0.3596339351966362,0.3362068965517241,0.3977384464110128,8.824865843262873e-05
511,0.29113924050632906,0.3225327726935444,0.27586206896551724,0.3780727630285153,3.7552620609629247e-06
512,0.3037974683544304,0.3373732376947811,0.2887931034482758,0.3928220255653884,3.379735854866632e-05
513,0.3670886075949366,0.3373732376947811,0.3793103448275862,0.3928220255653884,0.00012204601698129504
514,0.27848101265822783,0.35716052436309675,0.30603448275862066,0.3534906588003934,0.00017461968583477598
515,0.3485232067510548,0.3898095473658175,0.33448275862068966,0.4449360865290069,0.0
516,0.3037974683544304,0.3522137026960178,0.3362068965517241,0.3928220255653884,0.011834708385124655
517,0.27426160337552735,0.3403413306950285,0.2931034482758621,0.35840707964601776,0.0005745550953273273
518,0.3037974683544304,0.3373732376947811,0.2887931034482758,0.3928220255653884,1.689867927433316e-05
519,0.29113924050632906,0.3225327726935444,0.27586206896551724,0.3780727630285153,3.5674989579147776e-05
520,0.2658227848101265,0.3250061835270839,0.2780172413793103,0.348574237954769,0.0005614116781139572
521,0.28016877637130805,0.3027454860252289,0.2646551724137931,0.35840707964601776,3.7552620609629247e-06
522,0.25738396624472576,0.30571357902547613,0.27155172413793105,0.3387413962635201,4.881840679251801e-05
523,0.25738396624472576,0.28295819935691324,0.24137931034482762,0.3387413962635201,1.1265786182888774e-05
524,0.26160337552742613,0.2641602770220134,0.30603448275862066,0.3190757128810226,0.0012054391215690987
525,0.25738396624472576,0.3225327726935444,0.27586206896551724,0.33382497541789574,0.00012204601698129504
526,0.28902953586497887,0.32005936186000494,0.2737068965517241,0.37561455260570303,2.628683442674047e-05
527,0.2489451476793249,0.292851842691071,0.27586206896551724,0.323992133726647,1.3143417213370235e-05
528,0.26160337552742613,0.2879050210239922,0.2456896551724138,0.3436578171091446,0.0
529,0.2869198312236287,0.3225327726935444,0.27586206896551724,0.3731563421828909,1.8776310304814621e-06
530,0.25738396624472576,0.28295819935691324,0.24137931034482762,0.3387413962635201,1.689867927433316e-05
531,0.2561181434599155,0.28147415285678945,0.2400862068965517,0.33726647000983284,1.689867927433316e-05
532,0.26329113924050634,0.302250803858521,0.25818965517241377,0.3387413962635201,4.1307882670592165e-05
533,0.270042194092827,0.3076923076923077,0.30603448275862066,0.3436578171091446,8.261576534118434e-05
534,0.31223628691983124,0.3175859510264656,0.3017241379310345,0.3731563421828909,0.00020466178232247937
535,0.2827004219409282,0.31115508285926285,0.2844827586206896,0.35840707964601776,0.00010514733770696188
536,0.31223628691983124,0.3447934701953995,0.2974137931034483,0.40019665683382494,7.886050328022141e-05
537,0.31012658227848094,0.34232005936186005,0.30603448275862066,0.3977384464110128,0.00013143417213370235
538,0.25738396624472576,0.3447934701953995,0.2974137931034483,0.3387413962635201,5.632893091444387e-06
539,0.320675105485232,0.3230274548602523,0.30603448275862066,0.3682399213372665,4.1307882670592165e-05
540,0.32489451476793246,0.35716052436309675,0.31034482758620685,0.41248770894788594,1.5021048243851697e-05
541,0.3164556962025316,0.3613653227801138,0.3096982758620689,0.38298918387413966,3.191972751818485e-05
542,0.3037974683544304,0.3522137026960178,0.30603448275862066,0.3928220255653884,0.00038303673021821826
543,0.2995780590717299,0.3165965866930498,0.2844827586206896,0.36332350049164214,0.009804989241174195
544,0.27426160337552735,0.292851842691071,0.2586206896551724,0.348574237954769,0.00029103280972462664
545,0.2320675105485232,0.292851842691071,0.25,0.30924287118977384,1.877631030481462e-05
546,0.23628691983122357,0.25327726935443984,0.2586206896551724,0.30432645034414946,6.196182400588826e-05
547,0.24050632911392406,0.2879050210239922,0.2586206896551724,0.2895771878072763,6.196182400588826e-05
548,0.24472573839662443,0.2639129359386595,0.22844827586206895,0.3190757128810226,9.388155152407312e-06
549,0.27426160337552735,0.29779866435814994,0.2586206896551724,0.3534906588003934,3.0042096487703398e-05
550,0.25358649789029525,0.2785060598565422,0.23749999999999993,0.33431661750245817,3.5674989579147776e-05
551,0.27426160337552735,0.2785060598565422,0.2931034482758621,0.33431661750245817,0.00035299463373051487
552,0.24472573839662443,0.3027454860252289,0.2586206896551724,0.323992133726647,3.7552620609629247e-06
553,0.2531645569620253,0.26811773435567654,0.23706896551724133,0.323992133726647,5.632893091444387e-06
554,0.3375527426160337,0.3076923076923077,0.3232758620689655,0.36332350049164214,7.51052412192585e-05
555,0.3375527426160337,0.3519663616126638,0.3620689655172413,0.4026548672566372,0.0007773392466193253
556,0.32489451476793246,0.3769478110314124,0.3232758620689655,0.4174041297935103,0.005878862756437458
557,0.23628691983122357,0.33440514469453386,0.28620689655172415,0.30924287118977384,0.016369187323737388
558,0.2658227848101265,0.292851842691071,0.25,0.348574237954769,0.0
559,0.20253164556962028,0.29062577294088554,0.2480603448275862,0.2748279252704032,0.0002591130822064418
560,0.1983122362869198,0.25129854068760826,0.21379310344827585,0.23254670599803345,0.0002178051995358496
561,0.24810126582278486,0.21370269601780856,0.23189655172413792,0.2699115044247788,1.3143417213370235e-05
562,0.18987341772151894,0.2334899826861242,0.2155172413793104,0.2418879056047199,4.694077576203655e-05
563,0.20675105485232065,0.22359633935196643,0.18965517241379304,0.27974434611602755,0.0
564,0.21097046413502102,0.19886223101657186,0.19396551724137934,0.25516224188790565,1.1265786182888774e-05
565,0.21097046413502102,0.2334899826861242,0.2155172413793104,0.28466076696165193,2.8164465457221933e-05
566,0.2869198312236287,0.25327726935443984,0.27155172413793105,0.30924287118977384,0.00016710916171285014
567,0.22320675105485227,0.2780113776898343,0.23706896551724133,0.29891838741396265,0.00010139207564599895
568,0.22362869198312235,0.24313628493692796,0.2068965517241379,0.29916420845624386,0.00018964073407862767
569,0.1645569620253164,0.2097452386841454,0.1775862068965517,0.23058013765978375,0.00017461968583477598
570,0.1645569620253164,0.1741281226811774,0.14655172413793105,0.23058013765978375,1.1265786182888774e-05
571,0.18987341772151894,0.2038090526836508,0.1724137931034483,0.26007866273353003,0.0
572,0.18987341772151894,0.2038090526836508,0.1724137931034483,0.26007866273353003,7.510524121925849e-06
573,0.18987341772151894,0.2038090526836508,0.1724137931034483,0.26007866273353003,0.0
574,0.20675105485232065,0.1889685876824141,0.18965517241379304,0.2453294001966569,0.00016147626862140574
575,0.17721518987341772,0.1889685876824141,0.1594827586206896,0.2453294001966569,0.0
576,0.17721518987341772,0.15434083601286175,0.1594827586206896,0.2109144542772861,0.0011322115113803217
577,0.18987341772151894,0.15434083601286175,0.1724137931034483,0.2109144542772861,0.0018757533994509807
578,0.16877637130801687,0.17907494434825633,0.15086206896551724,0.23549655850540813,0.0
579,0.14345991561181431,0.1493940143457828,0.125,0.20599803343166173,0.0
580,0.06751054852320676,0.11798169675983183,0.09762931034482758,0.11283185840707971,0.0006571708606685117
581,0.14345991561181431,0.08681672025723475,0.125,0.14380530973451328,0.00012767891007273944
582,0.11814345991561176,0.1197130843433094,0.09913793103448276,0.17649950835791545,0.0
583,0.1476793248945148,0.13950037101162505,0.1293103448275862,0.19616519174041297,5.632893091444387e-06
584,0.17721518987341772,0.1741281226811774,0.1594827586206896,0.23058013765978375,1.8776310304814621e-06
585,0.17299578059071724,0.2038090526836508,0.19396551724137934,0.23795476892822026,0.00010326970667648043
586,0.18987341772151894,0.2038090526836508,0.1724137931034483,0.26007866273353003,7.322761018877702e-05
587,0.22362869198312235,0.22211229285184264,0.2068965517241379,0.23549655850540813,0.00012204601698129504
588,0.2225738396624472,0.21246599060103888,0.20581896551724133,0.2686823992133727,3.5674989579147776e-05
589,0.22763713080168774,0.24338362602028196,0.2155172413793104,0.2994100294985251,9.200392049359165e-05
590,0.22763713080168774,0.2480831066040069,0.21099137931034473,0.30408062930186824,0.0
591,0.18966244725738385,0.21493940143457835,0.18211206896551724,0.2598328416912487,1.8776310304814621e-06
592,0.17278481012658226,0.17907494434825633,0.15495689655172407,0.23549655850540813,2.2531572365777547e-05
593,0.09071729957805902,0.1493940143457828,0.12844827586206897,0.14454277286135692,0.00043373276804121774
594,0.06603375527426164,0.1204551075933713,0.10064655172413794,0.11578171091445438,0.00020090652026151645
595,0.08438818565400846,0.090032154340836,0.07758620689655171,0.1371681415929204,4.881840679251801e-05
596,0.08438818565400846,0.08013851100667824,0.06465517241379304,0.1371681415929204,0.00048255117483373577
597,0.06286919831223631,0.054909720504575876,0.04267241379310349,0.11209439528023607,0.0017292981790734266
598,0.038818565400843885,0.026712837002226153,0.018103448275862077,0.08407079646017707,3.94302516401107e-05
599,0.0,0.0,0.02155172413793105,0.038839724680432675,0.0015002271933546882
600,0.021097046413502074,0.0054415038337868316,0.0,0.06293018682399215,1.8776310304814621e-06
601,0.016877637130801648,0.025723472668810254,0.017241379310344807,0.0585054080629302,0.00037364857506581097
602,0.03797468354430378,0.025723472668810254,0.017241379310344807,0.0830875122910521,9.388155152407312e-06
603,0.06329113924050628,0.05540440267128377,0.0431034482758621,0.1125860373647985,0.00018588547201766475
604,0.06329113924050628,0.05540440267128377,0.0431034482758621,0.1125860373647985,1.689867927433316e-05
605,0.06329113924050628,0.05540440267128377,0.0431034482758621,0.1125860373647985,0.0
606,0.0780590717299578,0.07271827850605983,0.05818965517241381,0.12979351032448377,1.689867927433316e-05
607,0.07637130801687758,0.1048726193420727,0.08620689655172409,0.12782694198623407,8.824865843262873e-05
608,0.10358649789029534,0.10264654959188735,0.08426724137931041,0.15953785644051138,5.632893091444387e-06
609,0.10506329113924046,0.1362849369280238,0.11357758620689651,0.16125860373647988,3.0042096487703398e-05
610,0.10506329113924046,0.10437793717536492,0.08577586206896548,0.16125860373647988,0.0
611,0.10506329113924046,0.10437793717536492,0.08577586206896548,0.16125860373647988,1.8776310304814621e-06
612,0.10548523206751054,0.1048726193420727,0.08620689655172409,0.1617502458210423,7.510524121925849e-06
613,0.08016877637130798,0.1048726193420727,0.08620689655172409,0.13225172074729602,1.1265786182888774e-05
614,0.04641350210970463,0.0751916893395993,0.06034482758620685,0.09292035398230097,0.00012580127904225798
615,0.06751054852320676,0.0603512243383626,0.04741379310344829,0.11750245821042288,4.506314473155509e-05
616,0.08860759493670883,0.08508533267375717,0.06896551724137934,0.14208456243854478,0.0002384591408711457
617,0.11392405063291139,0.11476626267623058,0.09482758620689657,0.17158308751229107,0.0
618,0.11392405063291139,0.11476626267623058,0.09482758620689657,0.17158308751229107,3.379735854866632e-05
619,0.11392405063291139,0.11476626267623058,0.09482758620689657,0.17158308751229107,0.0
620,0.1476793248945148,0.14790996784565913,0.1293103448275862,0.20452310717797445,1.8776310304814621e-06
621,0.17299578059071724,0.18402176601533515,0.15517241379310343,0.2404129793510325,0.00015021048243851696
622,0.20464135021097046,0.2188968587682415,0.2456896551724138,0.2750737463126845,3.7552620609629247e-06
623,0.21097046413502102,0.25822409102151866,0.21982758620689657,0.28466076696165193,3.191972751818485e-05
624,0.20675105485232065,0.22359633935196643,0.18965517241379304,0.27974434611602755,6.008419297540678e-05
625,0.20675105485232065,0.22359633935196643,0.18965517241379304,0.27974434611602755,6.008419297540678e-05
626,0.24050632911392406,0.22359633935196643,0.22413793103448276,0.27974434611602755,0.000223438092627294
627,0.24050632911392406,0.2631709126885976,0.22413793103448276,0.3190757128810226,4.506314473155509e-05
628,0.24050632911392406,0.2631709126885976,0.22413793103448276,0.3190757128810226,1.689867927433316e-05
629,0.2320675105485232,0.25327726935443984,0.2155172413793104,0.30924287118977384,7.510524121925849e-06
630,0.2151898734177215,0.2334899826861242,0.19827586206896552,0.2895771878072763,3.7552620609629247e-06
631,0.2149789029535864,0.2334899826861242,0.19827586206896552,0.2893313667649951,1.3143417213370235e-05
632,0.18396624472573836,0.19688350234974028,0.16637931034482756,0.25319567354965583,9.388155152407312e-06
633,0.1831223628691983,0.1958941380163246,0.16551724137931034,0.252212389380531,0.0
634,0.17721518987341772,0.1889685876824141,0.1594827586206896,0.2453294001966569,0.00011829075492033212
635,0.14810126582278477,0.1887212465990601,0.15926724137931025,0.21140609636184854,9.388155152407312e-06
636,0.1983122362869198,0.15434083601286175,0.18103448275862066,0.2109144542772861,1.1265786182888774e-05
637,0.18987341772151894,0.17907494434825633,0.1724137931034483,0.23549655850540813,2.628683442674047e-05
638,0.19873417721518977,0.21370269601780856,0.18146551724137927,0.2699115044247788,1.8776310304814621e-06
639,0.2320675105485232,0.25327726935443984,0.2155172413793104,0.30924287118977384,1.689867927433316e-05
640,0.20632911392405068,0.22310165718525854,0.18922413793103454,0.2792527040314651,0.0
641,0.24050632911392406,0.2631709126885976,0.22413793103448276,0.3190757128810226,9.200392049359165e-05
642,0.24472573839662443,0.26811773435567654,0.22844827586206895,0.323992133726647,9.200392049359165e-05
643,0.2489451476793249,0.27306455602275537,0.23275862068965514,0.32890855457227136,0.00018588547201766475
644,0.2151898734177215,0.2720751916893397,0.23189655172413792,0.2895771878072763,0.00018588547201766475
645,0.18987341772151894,0.2334899826861242,0.20474137931034486,0.22320550639134712,0.0002534801891149974
646,0.18987341772151894,0.2038090526836508,0.1724137931034483,0.26007866273353003,1.689867927433316e-05
647,0.1814345991561181,0.19391540934949303,0.1637931034482758,0.25024582104228127,1.689867927433316e-05
648,0.230379746835443,0.19366806826613903,0.21379310344827585,0.23254670599803345,0.002042862561163831
649,0.1983122362869198,0.21370269601780856,0.18103448275862066,0.2699115044247788,0.00018588547201766475
650,0.1983122362869198,0.21419737818451645,0.18146551724137927,0.2699115044247788,0.0003642604199134037
651,0.1683544303797468,0.17858026218154843,0.15043103448275863,0.2350049164208457,0.0
652,0.13924050632911394,0.14444719267870398,0.18211206896551724,0.20108161258603735,0.00019339599613959062
653,0.16877637130801687,0.17907494434825633,0.15086206896551724,0.23549655850540813,1.689867927433316e-05
654,0.16877637130801687,0.17907494434825633,0.15086206896551724,0.23549655850540813,1.689867927433316e-05
655,0.22362869198312235,0.17907494434825633,0.2068965517241379,0.2278761061946903,0.003941147532980589
656,0.19493670886075937,0.20875587435072973,0.1775862068965517,0.2649950835791544,5.069603782299948e-05
657,0.2284810126582278,0.2097452386841454,0.2349137931034483,0.26597836774827927,4.506314473155509e-05
658,0.2637130801687763,0.2490724709374228,0.24784482758620685,0.3050639134709932,0.0002797670235417379
659,0.2584388185654008,0.29037843185753154,0.25,0.3399705014749263,6.759471709733264e-05
660,0.2584388185654008,0.2841949047736829,0.2424568965517241,0.3399705014749263,0.00018588547201766475
661,0.2320675105485232,0.32747959436062335,0.2849137931034482,0.30924287118977384,0.0011641312388985066
662,0.270042194092827,0.29161513727430133,0.2543103448275862,0.29695181907571294,0.00010326970667648043
663,0.30801687763713076,0.26712837002226075,0.2931034482758621,0.32300884955752224,0.0013875693315258005
664,0.31793248945147673,0.3094236952757853,0.3101293103448275,0.36504424778761063,0.0007022340054000668
665,0.39240506329113917,0.3539450902794954,0.3793103448275862,0.40929203539823006,0.0005745550953273273
666,0.33670886075949363,0.4006925550333912,0.34396551724137936,0.386676499508358,0.001483328514080355
667,0.3164556962025316,0.3769478110314124,0.3275862068965517,0.38790560471976404,0.0009369378842102496
668,0.30801687763713076,0.3410833539450904,0.3448275862068966,0.39650934119960674,0.004143931684272587
669,0.4261603375527426,0.38733613653227805,0.4137931034482758,0.44198623402163223,0.002279444071004495
670,0.3862869198312236,0.43408360128617374,0.3730603448275862,0.4889380530973452,3.7552620609629247e-06
671,0.3375527426160337,0.38832550086569395,0.3730603448275862,0.3977384464110128,0.00376277258508485
672,0.3132911392405063,0.38807815978233995,0.3674568965517241,0.40388397246804325,0.0035656213268842967
673,0.34177215189873417,0.3836260202819689,0.4094827586206896,0.43706981317600785,0.00013706706522514673
674,0.4177215189873417,0.4293841207024487,0.4051724137931034,0.4813176007866274,3.94302516401107e-05
675,0.37932489451476786,0.42592134553549355,0.365948275862069,0.48082595870206496,7.322761018877702e-05
676,0.37932489451476786,0.4219638882018304,0.365948275862069,0.3928220255653884,9.575918255455458e-05
677,0.40084388185654,0.38016324511501365,0.4051724137931034,0.43338249754178954,0.0018926520787253137
678,0.37974683544303794,0.42641602770220144,0.3663793103448276,0.4813176007866274,7.510524121925849e-06
679,0.37974683544303794,0.43136284936928027,0.3706896551724138,0.4813176007866274,9.38815515240731e-05
680,0.2981012658227848,0.4214692060351225,0.3620689655172413,0.3859390363815142,0.001641049520640798
681,0.33670886075949363,0.3759584466979966,0.3224137931034483,0.4311701081612587,0.0
682,0.3164556962025316,0.3324264160277023,0.3017241379310345,0.38790560471976404,2.8164465457221933e-05
683,0.33860759493670883,0.3781845164481821,0.3243534482758621,0.43338249754178954,0.0001445775893470726
684,0.37974683544303794,0.42641602770220144,0.3663793103448276,0.4813176007866274,7.510524121925849e-06
685,0.39662447257383965,0.44620331437051697,0.3836206896551724,0.5009832841691249,1.689867927433316e-05
686,0.3839662447257383,0.43383626020281973,0.37284482758620685,0.43215339233038347,0.0009838786599722861
687,0.38185654008438813,0.414790996784566,0.36853448275862066,0.45673549655850537,0.0002516025580845159
688,0.35864978902953587,0.40168191936680686,0.3448275862068966,0.45673549655850537,1.8776310304814621e-06
689,0.350210970464135,0.4140489735345041,0.3556034482758621,0.4469026548672566,3.755262060962924e-05
690,0.350632911392405,0.3922829581993569,0.3366379310344827,0.44739429695181904,1.689867927433316e-05
691,0.3919831223628692,0.44076181053673025,0.3788793103448276,0.4955752212389381,1.8776310304814621e-06
692,0.3375527426160337,0.4511501360375959,0.38793103448275856,0.43215339233038347,1.1265786182888774e-05
693,0.4177215189873417,0.4214692060351225,0.4051724137931034,0.476401179941003,1.5021048243851697e-05
694,0.4177215189873417,0.47093742270591143,0.4051724137931034,0.5255653883972469,1.8776310304814621e-06
695,0.40084388185654,0.4511501360375959,0.38793103448275856,0.5058997050147493,2.0653941335296086e-05
696,0.39662447257383965,0.4511501360375959,0.38793103448275856,0.49606686332350053,0.0008712207981433984
697,0.42088607594936706,0.4746475389562207,0.40840517241379304,0.5292527040314652,0.0
698,0.37974683544303794,0.42641602770220144,0.3663793103448276,0.4673058013765979,0.0010139207564599895
699,0.410337552742616,0.46228048478852346,0.3976293103448276,0.5169616519174041,1.689867927433316e-05
700,0.369831223628692,0.414790996784566,0.35624999999999996,0.42477876106194695,1.3143417213370235e-05
701,0.33122362869198313,0.369527578530794,0.3168103448275862,0.42477876106194695,1.689867927433316e-05
702,0.37974683544303794,0.3670541676972545,0.3663793103448276,0.4223205506391347,8.824865843262873e-05
703,0.34177215189873417,0.3818946326984912,0.3275862068965517,0.43706981317600785,0.0
704,0.34177215189873417,0.3818946326984912,0.3275862068965517,0.43706981317600785,9.388155152407312e-06
705,0.34177215189873417,0.3818946326984912,0.3448275862068966,0.43706981317600785,2.628683442674047e-05
706,0.3375527426160337,0.3769478110314124,0.3232758620689655,0.43215339233038347,9.200392049359165e-05
707,0.3670886075949366,0.3774424931981202,0.35344827586206895,0.42625368731563423,0.028194507553709634
708,0.40084388185654,0.41751174870145935,0.38793103448275856,0.464110127826942,0.0010533510081001001
709,0.40253164556962023,0.45560227553796695,0.39224137931034486,0.507866273352999,2.0653941335296086e-05
710,0.4468354430379747,0.505070492208756,0.43491379310344824,0.5594886922320552,1.689867927433316e-05
711,0.4934599156118143,0.5597328716299778,0.4825431034482758,0.6138151425762046,1.8776310304814621e-06
712,0.5358649789029535,0.6173633440514469,0.5340517241379311,0.628810226155359,0.013145294844400716
713,0.5527426160337552,0.6292357160524363,0.5452586206896551,0.6828908554572273,0.01032509303661756
714,0.5611814345991561,0.6391293593865942,0.5517241379310344,0.692723697148476,0.0
715,0.5632911392405062,0.6391293593865942,0.5538793103448275,0.692723697148476,3.7552620609629247e-06
716,0.5654008438818565,0.6440761810536731,0.5560344827586207,0.6976401179941003,1.689867927433316e-05
717,0.5274261603375527,0.6490230027207521,0.560344827586207,0.6533923303834808,0.0001239236480117765
718,0.501054852320675,0.5995547860499629,0.5172413793103449,0.6226647000983285,7.886050328022141e-05
719,0.501054852320675,0.5686371506307198,0.49030172413793105,0.6226647000983285,4.318551370107363e-05
720,0.5776371308016879,0.626762305218897,0.5685344827586206,0.6533923303834808,0.0005670445712054015
721,0.5776371308016879,0.658421963888202,0.5685344827586206,0.7118977384464111,0.0
722,0.5694092827004218,0.6522384368043533,0.5713362068965518,0.6015240904621435,0.03193662619745919
723,0.5860759493670886,0.6045016077170419,0.5771551724137932,0.6386430678466077,9.388155152407312e-06
724,0.5400843881856539,0.6143952510511997,0.5301724137931035,0.668141592920354,5.632893091444387e-06
725,0.6156118143459917,0.6045016077170419,0.6073275862068966,0.6583087512291053,9.38815515240731e-05
726,0.5400843881856539,0.6591639871382639,0.6120689655172414,0.668141592920354,0.0015171258726290214
727,0.5485232067510548,0.6651001731387584,0.6163793103448275,0.668141592920354,0.00018588547201766475
728,0.5759493670886076,0.6589166460549097,0.5689655172413793,0.7099311701081612,1.5021048243851697e-05
729,0.5232067510548524,0.6178580262181549,0.5331896551724137,0.6484759095378565,0.00021404993747488668
730,0.44725738396624465,0.563937670046995,0.4870689655172413,0.5501474926253689,0.00014082232728610967
731,0.5189873417721518,0.550086569379174,0.5086206896551724,0.604228121927237,1.8776310304814621e-06
732,0.46413502109704635,0.550086569379174,0.47413793103448276,0.5796460176991152,1.689867927433316e-05
733,0.4938818565400844,0.5567647786297304,0.5172413793103449,0.6108652900688298,0.0006778248020038078
734,0.5896624472573839,0.6143952510511997,0.5808189655172414,0.668141592920354,0.0016016192690006873
735,0.5896624472573839,0.6737571110561466,0.581896551724138,0.7259095378564406,7.510524121925849e-06
736,0.6181434599156117,0.7059114518921593,0.6099137931034483,0.7590953785644052,1.877631030481462e-05
737,0.6329113924050633,0.7093742270591145,0.6249999999999999,0.7556538839724682,3.7552620609629247e-06
738,0.5864978902953586,0.7677467227306457,0.6637931034482759,0.7222222222222223,1.8776310304814621e-06
739,0.6329113924050633,0.725451397477121,0.6269396551724137,0.7763028515240904,0.01877443267378414
740,0.6455696202531644,0.7341083353945091,0.6437500000000002,0.783677482792527,0.02613474631327147
741,0.6375527426160339,0.7355923818946327,0.6357758620689654,0.7817109144542775,0.009450116976413198
742,0.6160337552742616,0.70343804105862,0.6077586206896551,0.7566371681415929,7.510524121925849e-06
743,0.6329113924050633,0.70343804105862,0.6249999999999999,0.7566371681415929,0.0007116221605524741
744,0.6329113924050633,0.7726935443977246,0.668103448275862,0.7763028515240904,1.8776310304814621e-06
745,0.6329113924050633,0.7726935443977246,0.668103448275862,0.7763028515240904,9.575918255455458e-05
746,0.6371308016877637,0.7195152114766264,0.6293103448275862,0.7726155358898723,0.00029478807178558955
747,0.6540084388185654,0.74795943606233,0.6465517241379309,0.8008849557522124,1.689867927433316e-05
748,0.6554852320675106,0.7561216918130101,0.6536637931034482,0.802605703048181,0.009386277521376829
749,0.6415611814345992,0.7726935443977246,0.668103448275862,0.7763028515240904,6.196182400588826e-05
750,0.6329113924050633,0.7726935443977246,0.668103448275862,0.7763028515240904,0.009391910414468274
751,0.6666666666666667,0.7232253277269355,0.668103448275862,0.7763028515240904,0.016917455584637975
752,0.639662447257384,0.7311402423942618,0.6318965517241381,0.7841691248770897,0.0009369378842102496
753,0.6329113924050633,0.7331189710610934,0.6508620689655172,0.7763028515240904,0.0018795086615119435
754,0.639240506329114,0.7321296067276776,0.6327586206896553,0.783677482792527,0.0018757533994509807
755,0.6329113924050633,0.7232253277269355,0.6249999999999999,0.7763028515240904,0.00018588547201766475
756,0.6329113924050633,0.7232253277269355,0.6249999999999999,0.7763028515240904,0.00018588547201766475
757,0.6329113924050633,0.7331189710610934,0.6336206896551725,0.7763028515240904,0.00463587101425873
758,0.6329113924050633,0.7331189710610934,0.6357758620689654,0.7763028515240904,0.004694077576203656
759,0.6451476793248945,0.74795943606233,0.6551724137931035,0.7812192723697149,0.028166343088252412
760,0.6329113924050633,0.7311402423942618,0.6357758620689654,0.7763028515240904,0.015056723233430843
761,0.6708860759493671,0.7368290873114024,0.6767241379310344,0.7853982300884956,0.003314018768799781
762,0.6455696202531644,0.7405392035617117,0.6508620689655172,0.7846607669616519,0.008454972530258023
763,0.6708860759493671,0.7303982191441999,0.6637931034482759,0.7763028515240904,0.003764650216115332
764,0.639240506329114,0.7306455602275538,0.6314655172413793,0.783677482792527,0.003753384429932443
765,0.6329113924050633,0.7232253277269355,0.6249999999999999,0.7763028515240904,0.00013894469625562821
766,0.6413502109704641,0.74795943606233,0.6465517241379309,0.7861356932153394,5.632893091444387e-06
767,0.6329113924050633,0.74795943606233,0.6465517241379309,0.7763028515240904,0.007519912277078256
768,0.6476793248945147,0.7232253277269355,0.6411637931034483,0.7763028515240904,0.0030173530659837098
769,0.6333333333333333,0.7232253277269355,0.6422413793103449,0.7763028515240904,0.004833022272459284
770,0.649789029535865,0.74795943606233,0.6465517241379309,0.794739429695182,0.0046997104692951
771,0.6329113924050633,0.7360870640613407,0.6465517241379309,0.7763028515240904,0.0033928792720800023
772,0.6537974683544303,0.7160524363096711,0.6463362068965516,0.7664700098328416,0.0002835222856027008
773,0.6329113924050633,0.7232253277269355,0.6249999999999999,0.7713864306784661,0.0002084170443834423
774,0.6540084388185654,0.74795943606233,0.6465517241379309,0.8008849557522124,1.8776310304814621e-06
775,0.6708860759493671,0.74795943606233,0.6724137931034483,0.7763028515240904,0.0005632893091444386
776,0.6329113924050633,0.7477120949789761,0.6724137931034483,0.7664700098328416,0.004671546003837878
777,0.6329113924050633,0.7133316843927776,0.6336206896551725,0.7664700098328416,0.00032858543033425586
778,0.6329113924050633,0.7182785060598565,0.6293103448275862,0.7713864306784661,0.006759471709733264
779,0.6329113924050633,0.7321296067276776,0.6334051724137931,0.766715830875123,0.00396743436740733
780,0.6329113924050633,0.7316349245609696,0.6364224137931033,0.768928220255654,0.006866496678470707
781,0.6329113924050633,0.7232253277269355,0.6346982758620688,0.7763028515240904,0.00798932003469862
782,0.6329113924050633,0.7232253277269355,0.6249999999999999,0.7664700098328416,0.011263908551858291
783,0.6329113924050633,0.7229779866435816,0.6329741379310346,0.768928220255654,0.016063133465768906
784,0.639240506329114,0.7232253277269355,0.6323275862068966,0.7763028515240904,0.0037571396919934058
785,0.6329113924050633,0.7256987385604751,0.627155172413793,0.7763028515240904,0.0052761431956529084
786,0.6751054852320675,0.7232253277269355,0.6810344827586207,0.7763028515240904,0.0005989642987235863
787,0.6379746835443036,0.7232253277269355,0.6301724137931034,0.7763028515240904,3.0042096487703398e-05
788,0.6751054852320675,0.7687360870640613,0.668103448275862,0.7863815142576205,1.877631030481462e-05
789,0.6748945147679324,0.7726935443977246,0.668103448275862,0.8237463126843656,9.388155152407312e-06
790,0.6540084388185654,0.7232253277269355,0.668103448275862,0.7763028515240904,0.00017086442377381306
791,0.6377637130801688,0.7627999010635668,0.6594827586206896,0.7819567354965584,0.00938815515240731
792,0.6666666666666667,0.7538956220628247,0.6594827586206896,0.8008849557522124,0.003920493591645293
793,0.6371308016877637,0.7627999010635668,0.668103448275862,0.7812192723697149,0.007707675380126402
794,0.6339662447257384,0.7232253277269355,0.6260775862068965,0.7664700098328416,0.01900913655259432
795,0.6751054852320675,0.7244620331437052,0.668103448275862,0.7763028515240904,0.028312798308629965
796,0.620253164556962,0.74795943606233,0.668103448275862,0.7615535889872174,1.877631030481462e-05
797,0.6299578059071731,0.7677467227306457,0.6637931034482759,0.7728613569321534,0.010873361297518147
798,0.6751054852320675,0.7326242888943854,0.668103448275862,0.7856440511307767,0.0018888968166643509
799,0.6455696202531644,0.7336136532278014,0.6379310344827586,0.7866273352999018,0.002814568914691712
800,0.6751054852320675,0.7726935443977246,0.668103448275862,0.8254670599803344,1.689867927433316e-05
801,0.6537974683544303,0.74795943606233,0.6465517241379309,0.7846607669616519,0.0038266120401212202
802,0.7046413502109705,0.7318822656443237,0.6982758620689654,0.7763028515240904,0.015971129545275315
803,0.6746835443037973,0.7133316843927776,0.6676724137931033,0.7664700098328416,0.04065446707198462
804,0.6354430379746836,0.7264407618105367,0.6637931034482759,0.7787610619469028,0.022456467124558288
805,0.6751054852320675,0.7249567153104132,0.668103448275862,0.7777777777777779,0.017848760575756777
806,0.6345991561181434,0.7232253277269355,0.6637931034482759,0.7763028515240904,0.023855302242266976
807,0.6919831223628692,0.7702201335641851,0.685344827586207,0.7772861356932153,0.010142962826660858
808,0.8945147679324894,0.716794459559733,0.8922413793103449,0.7566371681415929,0.03330354158764969
809,0.640295358649789,0.7719515211476627,0.6674568965517241,0.7765486725663717,0.0019602467958226466
810,0.6732067510548523,0.74795943606233,0.6661637931034482,0.7763028515240904,1.3143417213370235e-05
811,0.6751054852320675,0.7306455602275538,0.668103448275862,0.783677482792527,0.005644158877627275
812,0.6751054852320675,0.7726935443977246,0.668103448275862,0.8254670599803344,3.7552620609629247e-06
813,0.6751054852320675,0.7726935443977246,0.668103448275862,0.8254670599803344,9.388155152407312e-06
814,0.6751054852320675,0.7726935443977246,0.668103448275862,0.8254670599803344,9.388155152407312e-06
815,0.6962025316455696,0.7726935443977246,0.689655172413793,0.8254670599803344,2.0653941335296086e-05
816,0.6329113924050633,0.7726935443977246,0.668103448275862,0.7763028515240904,0.00018964073407862767
817,0.6751054852320675,0.7726935443977246,0.668103448275862,0.8254670599803344,5.632893091444387e-06
818,0.6751054852320675,0.7726935443977246,0.668103448275862,0.8254670599803344,1.8776310304814621e-06
819,0.6540084388185654,0.74795943606233,0.6465517241379309,0.8008849557522124,0.0
820,0.6333333333333333,0.7721988622310166,0.668103448275862,0.7767944936086528,0.0018945297097557952
821,0.6748945147679324,0.7724462033143705,0.6678879310344826,0.8252212389380531,0.0
822,0.6748945147679324,0.7256987385604751,0.6678879310344826,0.7763028515240904,0.0020860480748649047
823,0.6751054852320675,0.7232253277269355,0.668103448275862,0.7763028515240904,0.00037364857506581097
824,0.6751054852320675,0.7726935443977246,0.668103448275862,0.8254670599803344,5.632893091444387e-06
825,0.7426160337552743,0.7232253277269355,0.7370689655172414,0.7763028515240904,0.00017274205480429452
826,0.6708860759493671,0.7266881028938906,0.6637931034482759,0.7763028515240904,8.44933963716658e-05
827,0.671729957805907,0.7536482809794706,0.668103448275862,0.8008849557522124,0.0001483328514080355
828,0.6329113924050633,0.7721988622310166,0.6676724137931033,0.7763028515240904,0.00199028889231035
829,0.6751054852320675,0.7244620331437052,0.668103448275862,0.7767944936086528,0.015773978287074764
830,0.6329113924050633,0.7232253277269355,0.6249999999999999,0.7713864306784661,0.009102755235774128
831,0.6751054852320675,0.7155577541429631,0.668103448275862,0.7517207472959686,0.008024995024277769
832,0.6751054852320675,0.7726935443977246,0.668103448275862,0.7763028515240904,4.318551370107363e-05
833,0.6751054852320675,0.7726935443977246,0.668103448275862,0.8254670599803344,0.0
834,0.6751054852320675,0.7726935443977246,0.668103448275862,0.8254670599803344,1.8776310304814621e-06
835,0.6746835443037973,0.7244620331437052,0.6676724137931033,0.7775319567354966,0.012202724067099022
836,0.6742616033755275,0.7318822656443237,0.6672413793103448,0.7772861356932153,0.01389446962556282
837,0.6751054852320675,0.7279248083106605,0.668103448275862,0.7772861356932153,0.0053812905333598705
838,0.6704641350210969,0.7603264902300272,0.6633620689655172,0.8131760078662733,4.506314473155509e-05
839,0.6329113924050633,0.7350976997279247,0.6631465517241381,0.752212389380531,0.007904826638326956
840,0.6748945147679324,0.7697254513974771,0.6678879310344826,0.7763028515240904,0.004132665898089699
841,0.6729957805907172,0.7360870640613407,0.6678879310344826,0.7787610619469028,0.011265786182888772
842,0.6751054852320675,0.7355923818946327,0.668103448275862,0.7763028515240904,0.006104178480095234
843,0.8616033755274262,0.7964382883997033,0.8586206896551724,0.7517207472959686,0.03900778465825237
844,0.6746835443037973,0.7365817462280485,0.6676724137931033,0.7861356932153394,0.0028164465457221934
845,0.6329113924050633,0.7721988622310166,0.6676724137931033,0.7763028515240904,1.1265786182888774e-05
846,0.6746835443037973,0.7721988622310166,0.6676724137931033,0.8249754178957718,0.0
847,0.6751054852320675,0.7232253277269355,0.668103448275862,0.7763028515240904,0.0036257055198597034
848,0.6746835443037973,0.7232253277269355,0.6676724137931033,0.7763028515240904,0.00015584337552996137
849,0.6329113924050633,0.7232253277269355,0.6249999999999999,0.7763028515240904,7.886050328022141e-05
850,0.6329113924050633,0.7232253277269355,0.6657327586206895,0.7763028515240904,0.0028990623110633777
851,0.6708860759493671,0.6918130101409846,0.6637931034482759,0.7025565388397248,0.009236067038938311
852,0.6455696202531644,0.7603264902300272,0.6573275862068965,0.7910521140609637,0.014645522037755404
853,0.6329113924050633,0.7232253277269355,0.6249999999999999,0.7763028515240904,5.44512998839624e-05
854,0.6957805907172994,0.7281721493940144,0.6892241379310343,0.7812192723697149,0.0009369378842102496
855,0.6128691983122363,0.7269354439772447,0.6282327586206896,0.7529498525073748,0.00882298821223239
856,0.6118143459915613,0.748454118229038,0.6637931034482759,0.7492625368731565,0.008545098819721134
857,0.6381856540084387,0.7294088548107841,0.6303879310344828,0.7824483775811211,0.011076145448810144
858,0.6919831223628692,0.698491219391541,0.685344827586207,0.7517207472959686,3.755262060962924e-05
859,0.7042194092827003,0.7652733118971061,0.6978448275862067,0.7767944936086528,0.007508646490895368
860,0.6833333333333333,0.7182785060598565,0.676508620689655,0.7713864306784661,5.632893091444387e-06
861,0.6139240506329113,0.7825871877318823,0.6767241379310344,0.7541789577187807,0.008449339637166578
862,0.6852320675105483,0.7845659163987139,0.6784482758620688,0.8370206489675518,3.0042096487703398e-05
863,0.7046413502109705,0.7872866683156073,0.6982758620689654,0.8399705014749261,1.689867927433316e-05
864,0.6624472573839661,0.7724462033143705,0.6851293103448276,0.6789577187807276,0.0004112011956754402
865,0.649789029535865,0.7578530793964878,0.6551724137931035,0.7541789577187807,0.012202724067099022
866,0.5928270042194093,0.74795943606233,0.6625,0.729596853490659,0.01878757609099751
867,0.6033755274261603,0.7823398466485284,0.676508620689655,0.7074729596853491,0.009412564355803569
868,0.5700421940928271,0.797180311649765,0.6894396551724137,0.7030481809242872,1.877631030481462e-05
869,0.6033755274261603,0.6982438783081869,0.6849137931034482,0.7030481809242872,0.017369964662984006
870,0.5535864978902953,0.7380657927281723,0.6894396551724137,0.6838741396263519,0.011417874296357771
871,0.6962025316455696,0.7454860252287906,0.689655172413793,0.7517207472959686,0.018868314225308214
872,0.7046413502109705,0.8073212960672768,0.6982758620689654,0.859882005899705,0.0
873,0.7044303797468354,0.8120207766510018,0.7025862068965517,0.8596361848574239,0.0007491747811621033
874,0.6118143459915613,0.7145683898095475,0.6939655172413793,0.7517207472959686,4.318551370107363e-05
875,0.7004219409282699,0.8048478852337374,0.6982758620689654,0.8549655850540807,0.00037364857506581097
876,0.6244725738396624,0.7776403660648034,0.6724137931034483,0.7664700098328416,7.322761018877702e-05
877,0.6371308016877637,0.7380657927281723,0.6379310344827586,0.7812192723697149,0.0005614116781139572
878,0.6831223628691983,0.7605738313133813,0.6762931034482756,0.7077187807276304,0.0022156046159681254
879,0.6873417721518986,0.7870393272322532,0.6806034482758619,0.839724680432645,5.632893091444387e-06
880,0.7042194092827003,0.8068266139005688,0.6978448275862067,0.8593903638151426,5.632893091444387e-06
881,0.6622362869198313,0.8070739549839229,0.7096982758620688,0.8104719764011798,6.383945503636972e-05
882,0.5569620253164556,0.6423447934701955,0.5689655172413793,0.6878072763028515,5.44512998839624e-05
883,0.5864978902953586,0.621815483551818,0.5775862068965517,0.6484759095378565,7.134997915829557e-05
884,0.6664556962025316,0.811526094484294,0.7112068965517241,0.804818092428712,0.00487996304822132
885,0.6835443037974684,0.7776403660648034,0.6767241379310344,0.7566371681415929,0.009480159072900902
886,0.6540084388185654,0.74795943606233,0.6465517241379309,0.8008849557522124,6.008419297540678e-05
887,0.6540084388185654,0.7430126143952512,0.6465517241379309,0.7664700098328416,3.755262060962924e-05
888,0.628691983122363,0.7133316843927776,0.6336206896551725,0.7271386430678466,0.003884818602066145
889,0.6434599156118144,0.7281721493940144,0.6357758620689654,0.7812192723697149,0.01276601337624346
890,0.9447257383966243,0.7331189710610934,0.9435344827586206,0.6779744346116028,0.00486681963100795
891,0.7172995780590716,0.8221617610685136,0.7284482758620688,0.7822025565388397,0.007249533408688925
892,0.6354430379746836,0.7974276527331191,0.6982758620689654,0.7763028515240904,0.015034191661065066
893,0.6415611814345992,0.7346030175612172,0.6508620689655172,0.7863815142576205,0.00938815515240731
894,0.5864978902953586,0.7306455602275538,0.6314655172413793,0.7222222222222223,0.021628431840115963
895,0.6371308016877637,0.7274301261439525,0.6894396551724137,0.7763028515240904,0.033123289008723474
896,0.7130801687763713,0.7296561958941382,0.706896551724138,0.7763028515240904,0.026754364553330353
897,0.6329113924050633,0.7232253277269355,0.6249999999999999,0.7763028515240904,0.00018588547201766475
898,0.6329113924050633,0.7308929013109079,0.6336206896551725,0.7763028515240904,0.015627523066697208
899,0.6331223628691984,0.7313875834776157,0.6336206896551725,0.7763028515240904,0.014129173504373002
900,0.6751054852320675,0.7358397229779868,0.7325431034482758,0.7763028515240904,0.025304833397798664
901,0.649789029535865,0.7726935443977246,0.668103448275862,0.7763028515240904,0.013162193523675049
902,0.6329113924050633,0.7454860252287906,0.6767241379310344,0.7763028515240904,0.004739140720935211
903,0.6624472573839661,0.74795943606233,0.6767241379310344,0.8008849557522124,0.010633024525616519
904,0.9280590717299577,0.7578530793964878,0.926508620689655,0.8058013765978369,0.007700164856004476
905,0.6708860759493671,0.8419490477368291,0.7327586206896551,0.8107177974434612,0.012302238511714539
906,0.6751054852320675,0.7627999010635668,0.668103448275862,0.8107177974434612,0.0157702230250138
907,0.7383966244725739,0.8365075439030422,0.7327586206896551,0.8205506391347099,0.009577795886485939
908,0.6835443037974684,0.7749196141479099,0.6767241379310344,0.8254670599803344,0.012229010901525762
909,0.6772151898734178,0.7801137768983429,0.6767241379310344,0.8254670599803344,0.03012846751510554
910,0.700632911392405,0.8003957457333665,0.7510775862068965,0.8254670599803344,0.035819567168494854
911,0.7092827004219411,0.8095473658174622,0.7030172413793104,0.859882005899705,0.011286440124224069
912,0.8434599156118143,0.9161513727430127,0.8400862068965517,0.8746312684365782,0.03139399082965005
913,0.7932489451476794,0.8716299777393025,0.7887931034482759,0.9188790560471978,0.030040218856672914
914,0.7890295358649788,0.9161513727430127,0.793103448275862,0.9582104228121928,0.01877443267378414
915,0.8059071729957805,0.9309918377442493,0.8060344827586207,0.9778761061946903,0.01032509303661756
916,0.8059071729957805,0.9322285431610192,0.810344827586207,0.9778761061946903,0.01877443267378414
917,0.8080168776371308,0.9300024734108338,0.8124999999999999,0.9798426745329398,0.013141539582339754
918,0.8143459915611815,0.9359386594113283,0.810344827586207,0.9827925270403146,0.008447462006136098
919,0.8143459915611815,0.9359386594113283,0.810344827586207,0.9877089478859391,0.005631015460413905
920,0.8101265822784809,0.9309918377442493,0.8060344827586207,0.9827925270403146,0.014080355097580485
921,0.8101265822784809,0.9700717289141726,0.8400862068965517,0.9827925270403146,0.00938815515240731
922,0.8101265822784809,0.9705664110808806,0.8405172413793104,0.9827925270403146,0.00471285388650847
923,0.8101265822784809,0.9359386594113283,0.810344827586207,0.9827925270403146,0.003753384429932443
924,0.8145569620253166,0.9532525352461044,0.8405172413793104,0.9879547689282204,1.8776310304814621e-06
925,0.8018987341772152,0.9359386594113283,0.8400862068965517,0.9732055063913472,0.013295505326839232
926,0.8143459915611815,0.9359386594113283,0.810344827586207,0.9877089478859391,0.003753384429932443
927,0.8143459915611815,0.9210981944100917,0.810344827586207,0.9729596853490659,0.007546199111504996
928,0.8101265822784809,0.9334652485777889,0.810344827586207,0.9827925270403146,0.003753384429932443
929,0.8101265822784809,0.9359386594113283,0.810344827586207,0.9827925270403146,0.005631015460413905
930,0.8059071729957805,0.9359386594113283,0.810344827586207,0.9778761061946903,0.003753384429932443
931,0.8059071729957805,0.9359386594113283,0.810344827586207,0.9778761061946903,0.004692199945173174
932,0.8122362869198312,0.9703190699975267,0.840301724137931,0.985250737463127,0.001877631030481462
933,0.8143459915611815,0.9408854810784072,0.814655172413793,0.9877089478859391,0.0018757533994509807
934,0.8101265822784809,0.9359386594113283,0.840301724137931,0.9827925270403146,0.011265786182888772
935,0.8227848101265822,0.9507791244125651,0.8232758620689654,0.9926253687315634,0.012202724067099022
936,0.8143459915611815,0.9210981944100917,0.8189655172413793,0.9729596853490659,0.000938815515240731
937,0.8059071729957805,0.9324758842443731,0.814655172413793,0.9778761061946903,0.0006552932296380302
938,0.8248945147679325,0.9532525352461044,0.8254310344827586,1.0,0.0005614116781139572
939,0.8270042194092826,0.9309918377442493,0.8254310344827586,0.9729596853490659,0.011263908551858291
940,0.8185654008438819,0.9458323027454861,0.8189655172413793,0.9926253687315634,0.0014063456418306152
941,0.8227848101265822,0.9433588919119468,0.8189655172413793,0.9926253687315634,0.008447462006136098
942,0.8818565400843881,0.9396487756616375,0.8793103448275862,0.9827925270403146,0.007610038566541366
943,0.8122362869198312,0.9458323027454861,0.8189655172413793,0.985250737463127,0.008447462006136098
944,0.8185654008438819,0.94607964382884,0.8232758620689654,0.9926253687315634,0.001186662811264284
945,0.8248945147679325,0.955725946079644,0.8275862068965517,1.0,0.0065698309756546365
946,0.7848101265822784,0.90972050457581,0.7909482758620688,0.9483775811209441,0.011267663813919254
947,0.7827004219409281,0.9027949542418997,0.872844827586207,0.9508357915437562,0.014104764300976742
948,0.7805907172995781,0.9458323027454861,0.8189655172413793,0.9483775811209441,8.261576534118434e-05
949,0.8227848101265822,0.9458323027454861,0.8189655172413793,0.9975417895771879,7.510524121925849e-06
950,0.8818565400843881,0.9453376205787781,0.8793103448275862,0.9744346116027534,0.03757890744405598
951,0.8101265822784809,0.9359386594113283,0.8232758620689654,0.9729596853490659,0.03569939878254404
